product_id,name,brand,brand_id,category,category_id,subcategory,subcategory_id,description,dietary_tags_json,allergen_tags_json,ingredients_text,aliases_json,country_of_origin_code,attributes_json,lifecycle,rating,reviews,nutrition_per_100g_json
"prd_qm_crispkettle_tea_biscuits_plain","Tea Biscuits Plain","CrispKettle","brand_qm_crispkettle","snacks","cat_qm_snacks","biscuits_chips_namkeen","subcat_qm_biscuits_chips_namkeen","Crunchy ready-to-eat snack for tea breaks, travel, sharing and quick hunger occasions.","[""vegetarian""]","[""wheat"",""gluten"",""milk"",""peanuts""]","Cereals, pulses or potatoes, edible vegetable oil, spices, sugar and salt","[""tea biscuits plain"",""biscuits"",""crispkettle tea biscuits plain""]","IN","{""storage"":""ambient"",""pack_size"":""100 g""}","active","4.4","488","{""energy"":500,""protein"":8,""total_sugar"":10,""added_sugar"":7,""total_fat"":25}"
"prd_qm_munchmitra_butter_shortbread_bites","Butter Shortbread Bites","MunchMitra","brand_qm_munchmitra","snacks","cat_qm_snacks","biscuits_chips_namkeen","subcat_qm_biscuits_chips_namkeen","Crunchy ready-to-eat snack for tea breaks, travel, sharing and quick hunger occasions.","[""vegetarian""]","[""wheat"",""gluten"",""milk"",""peanuts""]","Cereals, pulses or potatoes, edible vegetable oil, spices, sugar and salt","[""butter shortbread bites"",""biscuits"",""munchmitra butter shortbread bites""]","IN","{""storage"":""ambient"",""pack_size"":""100 g""}","active","4.7","661","{""energy"":500,""protein"":8,""total_sugar"":10,""added_sugar"":7,""total_fat"":25}"
"prd_qm_nibblenest_cocoa_cream_biscuits","Cocoa Cream Biscuits","NibbleNest","brand_qm_nibblenest","snacks","cat_qm_snacks","biscuits_chips_namkeen","subcat_qm_biscuits_chips_namkeen","Crunchy ready-to-eat snack for tea breaks, travel, sharing and quick hunger occasions.","[""vegetarian""]","[""wheat"",""gluten"",""milk"",""peanuts""]","Cereals, pulses or potatoes, edible vegetable oil, spices, sugar and salt","[""cocoa cream biscuits"",""biscuits"",""nibblenest cocoa cream biscuits""]","IN","{""storage"":""ambient"",""pack_size"":""100 g""}","active","4.1","834","{""energy"":500,""protein"":8,""total_sugar"":10,""added_sugar"":7,""total_fat"":25}"
"prd_qm_crispkettle_oat_crunch_cookies","Oat Crunch Cookies","CrispKettle","brand_qm_crispkettle","snacks","cat_qm_snacks","biscuits_chips_namkeen","subcat_qm_biscuits_chips_namkeen","Crunchy ready-to-eat snack for tea breaks, travel, sharing and quick hunger occasions.","[""vegetarian""]","[""wheat"",""gluten"",""milk"",""peanuts""]","Cereals, pulses or potatoes, edible vegetable oil, spices, sugar and salt","[""oat crunch cookies"",""biscuits"",""crispkettle oat crunch cookies""]","IN","{""storage"":""ambient"",""pack_size"":""100 g""}","active","4.4","1007","{""energy"":500,""protein"":8,""total_sugar"":10,""added_sugar"":7,""total_fat"":25}"
"prd_qm_munchmitra_salted_cracker_squares","Salted Cracker Squares","MunchMitra","brand_qm_munchmitra","snacks","cat_qm_snacks","biscuits_chips_namkeen","subcat_qm_biscuits_chips_namkeen","Crunchy ready-to-eat snack for tea breaks, travel, sharing and quick hunger occasions.","[""vegetarian""]","[""wheat"",""gluten"",""milk"",""peanuts""]","Cereals, pulses or potatoes, edible vegetable oil, spices, sugar and salt","[""salted cracker squares"",""biscuits"",""munchmitra salted cracker squares""]","IN","{""storage"":""ambient"",""pack_size"":""100 g""}","active","4.7","1180","{""energy"":500,""protein"":8,""total_sugar"":10,""added_sugar"":7,""total_fat"":25}"
"prd_qm_nibblenest_coconut_snap_biscuits","Coconut Snap Biscuits","NibbleNest","brand_qm_nibblenest","snacks","cat_qm_snacks","biscuits_chips_namkeen","subcat_qm_biscuits_chips_namkeen","Crunchy ready-to-eat snack for tea breaks, travel, sharing and quick hunger occasions.","[""vegetarian""]","[""wheat"",""gluten"",""milk"",""peanuts""]","Cereals, pulses or potatoes, edible vegetable oil, spices, sugar and salt","[""coconut snap biscuits"",""biscuits"",""nibblenest coconut snap biscuits""]","IN","{""storage"":""ambient"",""pack_size"":""100 g""}","active","4.1","1353","{""energy"":500,""protein"":8,""total_sugar"":10,""added_sugar"":7,""total_fat"":25}"
"prd_qm_crispkettle_cardamom_tea_biscuits","Cardamom Tea Biscuits","CrispKettle","brand_qm_crispkettle","snacks","cat_qm_snacks","biscuits_chips_namkeen","subcat_qm_biscuits_chips_namkeen","Crunchy ready-to-eat snack for tea breaks, travel, sharing and quick hunger occasions.","[""vegetarian""]","[""wheat"",""gluten"",""milk"",""peanuts""]","Cereals, pulses or potatoes, edible vegetable oil, spices, sugar and salt","[""cardamom tea biscuits"",""biscuits"",""crispkettle cardamom tea biscuits""]","IN","{""storage"":""ambient"",""pack_size"":""100 g""}","active","4.4","1526","{""energy"":500,""protein"":8,""total_sugar"":10,""added_sugar"":7,""total_fat"":25}"
"prd_qm_munchmitra_honey_oat_cookies","Honey Oat Cookies","MunchMitra","brand_qm_munchmitra","snacks","cat_qm_snacks","biscuits_chips_namkeen","subcat_qm_biscuits_chips_namkeen","Crunchy ready-to-eat snack for tea breaks, travel, sharing and quick hunger occasions.","[""vegetarian""]","[""wheat"",""gluten"",""milk"",""peanuts""]","Cereals, pulses or potatoes, edible vegetable oil, spices, sugar and salt","[""honey oat cookies"",""biscuits"",""munchmitra honey oat cookies""]","IN","{""storage"":""ambient"",""pack_size"":""100 g""}","active","4.7","1699","{""energy"":500,""protein"":8,""total_sugar"":10,""added_sugar"":7,""total_fat"":25}"
"prd_qm_nibblenest_ragi_sesame_bites","Ragi Sesame Bites","NibbleNest","brand_qm_nibblenest","snacks","cat_qm_snacks","biscuits_chips_namkeen","subcat_qm_biscuits_chips_namkeen","Crunchy ready-to-eat snack for tea breaks, travel, sharing and quick hunger occasions.","[""vegetarian""]","[""wheat"",""gluten"",""milk"",""peanuts""]","Cereals, pulses or potatoes, edible vegetable oil, spices, sugar and salt","[""ragi sesame bites"",""biscuits"",""nibblenest ragi sesame bites""]","IN","{""storage"":""ambient"",""pack_size"":""100 g""}","active","4.1","1872","{""energy"":500,""protein"":8,""total_sugar"":10,""added_sugar"":7,""total_fat"":25}"
"prd_qm_crispkettle_choco_chip_rounds","Choco Chip Rounds","CrispKettle","brand_qm_crispkettle","snacks","cat_qm_snacks","biscuits_chips_namkeen","subcat_qm_biscuits_chips_namkeen","Crunchy ready-to-eat snack for tea breaks, travel, sharing and quick hunger occasions.","[""vegetarian""]","[""wheat"",""gluten"",""milk"",""peanuts""]","Cereals, pulses or potatoes, edible vegetable oil, spices, sugar and salt","[""choco chip rounds"",""biscuits"",""crispkettle choco chip rounds""]","IN","{""storage"":""ambient"",""pack_size"":""100 g""}","active","4.4","2045","{""energy"":500,""protein"":8,""total_sugar"":10,""added_sugar"":7,""total_fat"":25}"
"prd_qm_munchmitra_classic_potato_crisps","Classic Potato Crisps","MunchMitra","brand_qm_munchmitra","snacks","cat_qm_snacks","biscuits_chips_namkeen","subcat_qm_biscuits_chips_namkeen","Crunchy ready-to-eat snack for tea breaks, travel, sharing and quick hunger occasions.","[""vegetarian""]","[""wheat"",""gluten"",""milk"",""peanuts""]","Cereals, pulses or potatoes, edible vegetable oil, spices, sugar and salt","[""classic potato crisps"",""biscuits"",""munchmitra classic potato crisps""]","IN","{""storage"":""ambient"",""pack_size"":""100 g""}","active","4.7","2218","{""energy"":500,""protein"":8,""total_sugar"":10,""added_sugar"":7,""total_fat"":25}"
"prd_qm_nibblenest_smoky_barbecue_crisps","Smoky Barbecue Crisps","NibbleNest","brand_qm_nibblenest","snacks","cat_qm_snacks","biscuits_chips_namkeen","subcat_qm_biscuits_chips_namkeen","Crunchy ready-to-eat snack for tea breaks, travel, sharing and quick hunger occasions.","[""vegetarian""]","[""wheat"",""gluten"",""milk"",""peanuts""]","Cereals, pulses or potatoes, edible vegetable oil, spices, sugar and salt","[""smoky barbecue crisps"",""biscuits"",""nibblenest smoky barbecue crisps""]","IN","{""storage"":""ambient"",""pack_size"":""100 g""}","active","4.1","2391","{""energy"":500,""protein"":8,""total_sugar"":10,""added_sugar"":7,""total_fat"":25}"
"prd_qm_crispkettle_lime_chilli_crisps","Lime Chilli Crisps","CrispKettle","brand_qm_crispkettle","snacks","cat_qm_snacks","biscuits_chips_namkeen","subcat_qm_biscuits_chips_namkeen","Crunchy ready-to-eat snack for tea breaks, travel, sharing and quick hunger occasions.","[""vegetarian""]","[""wheat"",""gluten"",""milk"",""peanuts""]","Cereals, pulses or potatoes, edible vegetable oil, spices, sugar and salt","[""lime chilli crisps"",""biscuits"",""crispkettle lime chilli crisps""]","IN","{""storage"":""ambient"",""pack_size"":""100 g""}","active","4.4","2564","{""energy"":500,""protein"":8,""total_sugar"":10,""added_sugar"":7,""total_fat"":25}"
"prd_qm_munchmitra_tomato_herb_crisps","Tomato Herb Crisps","MunchMitra","brand_qm_munchmitra","snacks","cat_qm_snacks","biscuits_chips_namkeen","subcat_qm_biscuits_chips_namkeen","Crunchy ready-to-eat snack for tea breaks, travel, sharing and quick hunger occasions.","[""vegetarian""]","[""wheat"",""gluten"",""milk"",""peanuts""]","Cereals, pulses or potatoes, edible vegetable oil, spices, sugar and salt","[""tomato herb crisps"",""biscuits"",""munchmitra tomato herb crisps""]","IN","{""storage"":""ambient"",""pack_size"":""100 g""}","active","4.7","2737","{""energy"":500,""protein"":8,""total_sugar"":10,""added_sugar"":7,""total_fat"":25}"
"prd_qm_nibblenest_roasted_corn_puffs","Roasted Corn Puffs","NibbleNest","brand_qm_nibblenest","snacks","cat_qm_snacks","biscuits_chips_namkeen","subcat_qm_biscuits_chips_namkeen","Crunchy ready-to-eat snack for tea breaks, travel, sharing and quick hunger occasions.","[""vegetarian""]","[""wheat"",""gluten"",""milk"",""peanuts""]","Cereals, pulses or potatoes, edible vegetable oil, spices, sugar and salt","[""roasted corn puffs"",""biscuits"",""nibblenest roasted corn puffs""]","IN","{""storage"":""ambient"",""pack_size"":""100 g""}","active","4.1","2910","{""energy"":500,""protein"":8,""total_sugar"":10,""added_sugar"":7,""total_fat"":25}"
"prd_qm_crispkettle_masala_lentil_rings","Masala Lentil Rings","CrispKettle","brand_qm_crispkettle","snacks","cat_qm_snacks","biscuits_chips_namkeen","subcat_qm_biscuits_chips_namkeen","Crunchy ready-to-eat snack for tea breaks, travel, sharing and quick hunger occasions.","[""vegetarian""]","[""wheat"",""gluten"",""milk"",""peanuts""]","Cereals, pulses or potatoes, edible vegetable oil, spices, sugar and salt","[""masala lentil rings"",""biscuits"",""crispkettle masala lentil rings""]","IN","{""storage"":""ambient"",""pack_size"":""100 g""}","active","4.4","3083","{""energy"":500,""protein"":8,""total_sugar"":10,""added_sugar"":7,""total_fat"":25}"
"prd_qm_munchmitra_spiced_gram_sev","Spiced Gram Sev","MunchMitra","brand_qm_munchmitra","snacks","cat_qm_snacks","biscuits_chips_namkeen","subcat_qm_biscuits_chips_namkeen","Crunchy ready-to-eat snack for tea breaks, travel, sharing and quick hunger occasions.","[""vegetarian""]","[""wheat"",""gluten"",""milk"",""peanuts""]","Cereals, pulses or potatoes, edible vegetable oil, spices, sugar and salt","[""spiced gram sev"",""biscuits"",""munchmitra spiced gram sev""]","IN","{""storage"":""ambient"",""pack_size"":""100 g""}","active","4.7","3256","{""energy"":500,""protein"":8,""total_sugar"":10,""added_sugar"":7,""total_fat"":25}"
"prd_qm_nibblenest_tangy_trail_mix","Tangy Trail Mix","NibbleNest","brand_qm_nibblenest","snacks","cat_qm_snacks","biscuits_chips_namkeen","subcat_qm_biscuits_chips_namkeen","Crunchy ready-to-eat snack for tea breaks, travel, sharing and quick hunger occasions.","[""vegetarian""]","[""wheat"",""gluten"",""milk"",""peanuts""]","Cereals, pulses or potatoes, edible vegetable oil, spices, sugar and salt","[""tangy trail mix"",""biscuits"",""nibblenest tangy trail mix""]","IN","{""storage"":""ambient"",""pack_size"":""100 g""}","active","4.1","3429","{""energy"":500,""protein"":8,""total_sugar"":10,""added_sugar"":7,""total_fat"":25}"
"prd_qm_crispkettle_peanut_jaggery_brittle","Peanut Jaggery Brittle","CrispKettle","brand_qm_crispkettle","snacks","cat_qm_snacks","biscuits_chips_namkeen","subcat_qm_biscuits_chips_namkeen","Crunchy ready-to-eat snack for tea breaks, travel, sharing and quick hunger occasions.","[""vegetarian""]","[""wheat"",""gluten"",""milk"",""peanuts""]","Cereals, pulses or potatoes, edible vegetable oil, spices, sugar and salt","[""peanut jaggery brittle"",""biscuits"",""crispkettle peanut jaggery brittle""]","IN","{""storage"":""ambient"",""pack_size"":""100 g""}","active","4.4","3602","{""energy"":500,""protein"":8,""total_sugar"":10,""added_sugar"":7,""total_fat"":25}"
"prd_qm_munchmitra_roasted_chana_mix","Roasted Chana Mix","MunchMitra","brand_qm_munchmitra","snacks","cat_qm_snacks","biscuits_chips_namkeen","subcat_qm_biscuits_chips_namkeen","Crunchy ready-to-eat snack for tea breaks, travel, sharing and quick hunger occasions.","[""vegetarian""]","[""wheat"",""gluten"",""milk"",""peanuts""]","Cereals, pulses or potatoes, edible vegetable oil, spices, sugar and salt","[""roasted chana mix"",""biscuits"",""munchmitra roasted chana mix""]","IN","{""storage"":""ambient"",""pack_size"":""100 g""}","active","4.7","3775","{""energy"":500,""protein"":8,""total_sugar"":10,""added_sugar"":7,""total_fat"":25}"
"prd_qm_nibblenest_rice_crackle_sticks","Rice Crackle Sticks","NibbleNest","brand_qm_nibblenest","snacks","cat_qm_snacks","biscuits_chips_namkeen","subcat_qm_biscuits_chips_namkeen","Crunchy ready-to-eat snack for tea breaks, travel, sharing and quick hunger occasions.","[""vegetarian""]","[""wheat"",""gluten"",""milk"",""peanuts""]","Cereals, pulses or potatoes, edible vegetable oil, spices, sugar and salt","[""rice crackle sticks"",""biscuits"",""nibblenest rice crackle sticks""]","IN","{""storage"":""ambient"",""pack_size"":""100 g""}","active","4.1","3948","{""energy"":500,""protein"":8,""total_sugar"":10,""added_sugar"":7,""total_fat"":25}"
"prd_qm_crispkettle_cheese_corn_nachos","Cheese Corn Nachos","CrispKettle","brand_qm_crispkettle","snacks","cat_qm_snacks","biscuits_chips_namkeen","subcat_qm_biscuits_chips_namkeen","Crunchy ready-to-eat snack for tea breaks, travel, sharing and quick hunger occasions.","[""vegetarian""]","[""wheat"",""gluten"",""milk"",""peanuts""]","Cereals, pulses or potatoes, edible vegetable oil, spices, sugar and salt","[""cheese corn nachos"",""biscuits"",""crispkettle cheese corn nachos""]","IN","{""storage"":""ambient"",""pack_size"":""100 g""}","active","4.4","4121","{""energy"":500,""protein"":8,""total_sugar"":10,""added_sugar"":7,""total_fat"":25}"
"prd_qm_munchmitra_pepper_banana_chips","Pepper Banana Chips","MunchMitra","brand_qm_munchmitra","snacks","cat_qm_snacks","biscuits_chips_namkeen","subcat_qm_biscuits_chips_namkeen","Crunchy ready-to-eat snack for tea breaks, travel, sharing and quick hunger occasions.","[""vegetarian""]","[""wheat"",""gluten"",""milk"",""peanuts""]","Cereals, pulses or potatoes, edible vegetable oil, spices, sugar and salt","[""pepper banana chips"",""biscuits"",""munchmitra pepper banana chips""]","IN","{""storage"":""ambient"",""pack_size"":""100 g""}","active","4.7","4294","{""energy"":500,""protein"":8,""total_sugar"":10,""added_sugar"":7,""total_fat"":25}"
"prd_qm_nibblenest_cumin_mathri","Cumin Mathri","NibbleNest","brand_qm_nibblenest","snacks","cat_qm_snacks","biscuits_chips_namkeen","subcat_qm_biscuits_chips_namkeen","Crunchy ready-to-eat snack for tea breaks, travel, sharing and quick hunger occasions.","[""vegetarian""]","[""wheat"",""gluten"",""milk"",""peanuts""]","Cereals, pulses or potatoes, edible vegetable oil, spices, sugar and salt","[""cumin mathri"",""biscuits"",""nibblenest cumin mathri""]","IN","{""storage"":""ambient"",""pack_size"":""100 g""}","active","4.1","4467","{""energy"":500,""protein"":8,""total_sugar"":10,""added_sugar"":7,""total_fat"":25}"
"prd_qm_crispkettle_baked_multigrain_chips","Baked Multigrain Chips","CrispKettle","brand_qm_crispkettle","snacks","cat_qm_snacks","biscuits_chips_namkeen","subcat_qm_biscuits_chips_namkeen","Crunchy ready-to-eat snack for tea breaks, travel, sharing and quick hunger occasions.","[""vegetarian""]","[""wheat"",""gluten"",""milk"",""peanuts""]","Cereals, pulses or potatoes, edible vegetable oil, spices, sugar and salt","[""baked multigrain chips"",""biscuits"",""crispkettle baked multigrain chips""]","IN","{""storage"":""ambient"",""pack_size"":""100 g""}","active","4.4","4640","{""energy"":500,""protein"":8,""total_sugar"":10,""added_sugar"":7,""total_fat"":25}"
"prd_qm_munchmitra_savoury_millet_puffs","Savoury Millet Puffs","MunchMitra","brand_qm_munchmitra","snacks","cat_qm_snacks","biscuits_chips_namkeen","subcat_qm_biscuits_chips_namkeen","Crunchy ready-to-eat snack for tea breaks, travel, sharing and quick hunger occasions.","[""vegetarian""]","[""wheat"",""gluten"",""milk"",""peanuts""]","Cereals, pulses or potatoes, edible vegetable oil, spices, sugar and salt","[""savoury millet puffs"",""biscuits"",""munchmitra savoury millet puffs""]","IN","{""storage"":""ambient"",""pack_size"":""100 g""}","active","4.7","4813","{""energy"":500,""protein"":8,""total_sugar"":10,""added_sugar"":7,""total_fat"":25}"
"prd_qm_nibblenest_chilli_garlic_peanuts","Chilli Garlic Peanuts","NibbleNest","brand_qm_nibblenest","snacks","cat_qm_snacks","biscuits_chips_namkeen","subcat_qm_biscuits_chips_namkeen","Crunchy ready-to-eat snack for tea breaks, travel, sharing and quick hunger occasions.","[""vegetarian""]","[""wheat"",""gluten"",""milk"",""peanuts""]","Cereals, pulses or potatoes, edible vegetable oil, spices, sugar and salt","[""chilli garlic peanuts"",""biscuits"",""nibblenest chilli garlic peanuts""]","IN","{""storage"":""ambient"",""pack_size"":""100 g""}","active","4.1","4986","{""energy"":500,""protein"":8,""total_sugar"":10,""added_sugar"":7,""total_fat"":25}"
"prd_qm_crispkettle_sweet_plantain_crisps","Sweet Plantain Crisps","CrispKettle","brand_qm_crispkettle","snacks","cat_qm_snacks","biscuits_chips_namkeen","subcat_qm_biscuits_chips_namkeen","Crunchy ready-to-eat snack for tea breaks, travel, sharing and quick hunger occasions.","[""vegetarian""]","[""wheat"",""gluten"",""milk"",""peanuts""]","Cereals, pulses or potatoes, edible vegetable oil, spices, sugar and salt","[""sweet plantain crisps"",""biscuits"",""crispkettle sweet plantain crisps""]","IN","{""storage"":""ambient"",""pack_size"":""100 g""}","active","4.4","5159","{""energy"":500,""protein"":8,""total_sugar"":10,""added_sugar"":7,""total_fat"":25}"
"prd_qm_munchmitra_herb_wafer_sticks","Herb Wafer Sticks","MunchMitra","brand_qm_munchmitra","snacks","cat_qm_snacks","biscuits_chips_namkeen","subcat_qm_biscuits_chips_namkeen","Crunchy ready-to-eat snack for tea breaks, travel, sharing and quick hunger occasions.","[""vegetarian""]","[""wheat"",""gluten"",""milk"",""peanuts""]","Cereals, pulses or potatoes, edible vegetable oil, spices, sugar and salt","[""herb wafer sticks"",""biscuits"",""munchmitra herb wafer sticks""]","IN","{""storage"":""ambient"",""pack_size"":""100 g""}","active","4.7","5332","{""energy"":500,""protein"":8,""total_sugar"":10,""added_sugar"":7,""total_fat"":25}"
"prd_qm_nibblenest_caramel_popcorn","Caramel Popcorn","NibbleNest","brand_qm_nibblenest","snacks","cat_qm_snacks","biscuits_chips_namkeen","subcat_qm_biscuits_chips_namkeen","Crunchy ready-to-eat snack for tea breaks, travel, sharing and quick hunger occasions.","[""vegetarian""]","[""wheat"",""gluten"",""milk"",""peanuts""]","Cereals, pulses or potatoes, edible vegetable oil, spices, sugar and salt","[""caramel popcorn"",""biscuits"",""nibblenest caramel popcorn""]","IN","{""storage"":""ambient"",""pack_size"":""100 g""}","active","4.1","5505","{""energy"":500,""protein"":8,""total_sugar"":10,""added_sugar"":7,""total_fat"":25}"
"prd_qm_fizzyleaf_sparkling_cola_drink","Sparkling Cola Drink","FizzyLeaf","brand_qm_fizzyleaf","beverages","cat_qm_beverages","drinks_tea_coffee_juice","subcat_qm_drinks_tea_coffee_juice","Ready-to-drink beverage for refreshment, hydration, breakfast or a chilled break.","[""vegetarian""]","[""milk""]","Water, tea leaves, coffee, fruit juice or pulp, sugar, milk or flavouring","[""sparkling cola drink"",""drinks"",""fizzyleaf sparkling cola drink""]","IN","{""storage"":""ambient"",""serve_chilled"":true,""pack_size"":""750 ml""}","active","4.4","5678","{""energy"":44,""protein"":0.5,""total_sugar"":10,""added_sugar"":8,""total_fat"":0.2}"
"prd_qm_pourhouse_lemon_lime_fizz","Lemon Lime Fizz","PourHouse","brand_qm_pourhouse","beverages","cat_qm_beverages","drinks_tea_coffee_juice","subcat_qm_drinks_tea_coffee_juice","Ready-to-drink beverage for refreshment, hydration, breakfast or a chilled break.","[""vegetarian""]","[""milk""]","Water, tea leaves, coffee, fruit juice or pulp, sugar, milk or flavouring","[""lemon lime fizz"",""drinks"",""pourhouse lemon lime fizz""]","IN","{""storage"":""ambient"",""serve_chilled"":true,""pack_size"":""750 ml""}","active","4.7","5851","{""energy"":44,""protein"":0.5,""total_sugar"":10,""added_sugar"":8,""total_fat"":0.2}"
"prd_qm_sunsip_orange_sparkling_drink","Orange Sparkling Drink","SunSip","brand_qm_sunsip","beverages","cat_qm_beverages","drinks_tea_coffee_juice","subcat_qm_drinks_tea_coffee_juice","Ready-to-drink beverage for refreshment, hydration, breakfast or a chilled break.","[""vegetarian""]","[""milk""]","Water, tea leaves, coffee, fruit juice or pulp, sugar, milk or flavouring","[""orange sparkling drink"",""drinks"",""sunsip orange sparkling drink""]","IN","{""storage"":""ambient"",""serve_chilled"":true,""pack_size"":""750 ml""}","active","4.1","6024","{""energy"":44,""protein"":0.5,""total_sugar"":10,""added_sugar"":8,""total_fat"":0.2}"
"prd_qm_fizzyleaf_ginger_ale","Ginger Ale","FizzyLeaf","brand_qm_fizzyleaf","beverages","cat_qm_beverages","drinks_tea_coffee_juice","subcat_qm_drinks_tea_coffee_juice","Ready-to-drink beverage for refreshment, hydration, breakfast or a chilled break.","[""vegetarian""]","[""milk""]","Water, tea leaves, coffee, fruit juice or pulp, sugar, milk or flavouring","[""ginger ale"",""drinks"",""fizzyleaf ginger ale""]","IN","{""storage"":""ambient"",""serve_chilled"":true,""pack_size"":""750 ml""}","active","4.4","6197","{""energy"":44,""protein"":0.5,""total_sugar"":10,""added_sugar"":8,""total_fat"":0.2}"
"prd_qm_pourhouse_mango_fruit_drink","Mango Fruit Drink","PourHouse","brand_qm_pourhouse","beverages","cat_qm_beverages","drinks_tea_coffee_juice","subcat_qm_drinks_tea_coffee_juice","Ready-to-drink beverage for refreshment, hydration, breakfast or a chilled break.","[""vegetarian""]","[""milk""]","Water, tea leaves, coffee, fruit juice or pulp, sugar, milk or flavouring","[""mango fruit drink"",""drinks"",""pourhouse mango fruit drink""]","IN","{""storage"":""ambient"",""serve_chilled"":true,""pack_size"":""750 ml""}","active","4.7","6370","{""energy"":44,""protein"":0.5,""total_sugar"":10,""added_sugar"":8,""total_fat"":0.2}"
"prd_qm_sunsip_guava_fruit_drink","Guava Fruit Drink","SunSip","brand_qm_sunsip","beverages","cat_qm_beverages","drinks_tea_coffee_juice","subcat_qm_drinks_tea_coffee_juice","Ready-to-drink beverage for refreshment, hydration, breakfast or a chilled break.","[""vegetarian""]","[""milk""]","Water, tea leaves, coffee, fruit juice or pulp, sugar, milk or flavouring","[""guava fruit drink"",""drinks"",""sunsip guava fruit drink""]","IN","{""storage"":""ambient"",""serve_chilled"":true,""pack_size"":""750 ml""}","active","4.1","6543","{""energy"":44,""protein"":0.5,""total_sugar"":10,""added_sugar"":8,""total_fat"":0.2}"
"prd_qm_fizzyleaf_mixed_fruit_nectar","Mixed Fruit Nectar","FizzyLeaf","brand_qm_fizzyleaf","beverages","cat_qm_beverages","drinks_tea_coffee_juice","subcat_qm_drinks_tea_coffee_juice","Ready-to-drink beverage for refreshment, hydration, breakfast or a chilled break.","[""vegetarian""]","[""milk""]","Water, tea leaves, coffee, fruit juice or pulp, sugar, milk or flavouring","[""mixed fruit nectar"",""drinks"",""fizzyleaf mixed fruit nectar""]","IN","{""storage"":""ambient"",""serve_chilled"":true,""pack_size"":""750 ml""}","active","4.4","6716","{""energy"":44,""protein"":0.5,""total_sugar"":10,""added_sugar"":8,""total_fat"":0.2}"
"prd_qm_pourhouse_tender_coconut_water","Tender Coconut Water","PourHouse","brand_qm_pourhouse","beverages","cat_qm_beverages","drinks_tea_coffee_juice","subcat_qm_drinks_tea_coffee_juice","Ready-to-drink beverage for refreshment, hydration, breakfast or a chilled break.","[""vegetarian""]","[""milk""]","Water, tea leaves, coffee, fruit juice or pulp, sugar, milk or flavouring","[""tender coconut water"",""drinks"",""pourhouse tender coconut water""]","IN","{""storage"":""ambient"",""serve_chilled"":true,""pack_size"":""750 ml""}","active","4.7","6889","{""energy"":44,""protein"":0.5,""total_sugar"":10,""added_sugar"":8,""total_fat"":0.2}"
"prd_qm_sunsip_packaged_drinking_water","Packaged Drinking Water","SunSip","brand_qm_sunsip","beverages","cat_qm_beverages","drinks_tea_coffee_juice","subcat_qm_drinks_tea_coffee_juice","Ready-to-drink beverage for refreshment, hydration, breakfast or a chilled break.","[""vegetarian""]","[""milk""]","Water, tea leaves, coffee, fruit juice or pulp, sugar, milk or flavouring","[""packaged drinking water"",""drinks"",""sunsip packaged drinking water""]","IN","{""storage"":""ambient"",""serve_chilled"":true,""pack_size"":""750 ml""}","active","4.1","7062","{""energy"":44,""protein"":0.5,""total_sugar"":10,""added_sugar"":8,""total_fat"":0.2}"
"prd_qm_fizzyleaf_soda_water","Soda Water","FizzyLeaf","brand_qm_fizzyleaf","beverages","cat_qm_beverages","drinks_tea_coffee_juice","subcat_qm_drinks_tea_coffee_juice","Ready-to-drink beverage for refreshment, hydration, breakfast or a chilled break.","[""vegetarian""]","[""milk""]","Water, tea leaves, coffee, fruit juice or pulp, sugar, milk or flavouring","[""soda water"",""drinks"",""fizzyleaf soda water""]","IN","{""storage"":""ambient"",""serve_chilled"":true,""pack_size"":""750 ml""}","active","4.4","7235","{""energy"":44,""protein"":0.5,""total_sugar"":10,""added_sugar"":8,""total_fat"":0.2}"
"prd_qm_pourhouse_peach_iced_tea","Peach Iced Tea","PourHouse","brand_qm_pourhouse","beverages","cat_qm_beverages","drinks_tea_coffee_juice","subcat_qm_drinks_tea_coffee_juice","Ready-to-drink beverage for refreshment, hydration, breakfast or a chilled break.","[""vegetarian""]","[""milk""]","Water, tea leaves, coffee, fruit juice or pulp, sugar, milk or flavouring","[""peach iced tea"",""drinks"",""pourhouse peach iced tea""]","IN","{""storage"":""ambient"",""serve_chilled"":true,""pack_size"":""750 ml""}","active","4.7","7408","{""energy"":44,""protein"":0.5,""total_sugar"":10,""added_sugar"":8,""total_fat"":0.2}"
"prd_qm_sunsip_lemon_iced_tea","Lemon Iced Tea","SunSip","brand_qm_sunsip","beverages","cat_qm_beverages","drinks_tea_coffee_juice","subcat_qm_drinks_tea_coffee_juice","Ready-to-drink beverage for refreshment, hydration, breakfast or a chilled break.","[""vegetarian""]","[""milk""]","Water, tea leaves, coffee, fruit juice or pulp, sugar, milk or flavouring","[""lemon iced tea"",""drinks"",""sunsip lemon iced tea""]","IN","{""storage"":""ambient"",""serve_chilled"":true,""pack_size"":""750 ml""}","active","4.1","7581","{""energy"":44,""protein"":0.5,""total_sugar"":10,""added_sugar"":8,""total_fat"":0.2}"
"prd_qm_fizzyleaf_classic_black_tea","Classic Black Tea","FizzyLeaf","brand_qm_fizzyleaf","beverages","cat_qm_beverages","drinks_tea_coffee_juice","subcat_qm_drinks_tea_coffee_juice","Ready-to-drink beverage for refreshment, hydration, breakfast or a chilled break.","[""vegetarian""]","[""milk""]","Water, tea leaves, coffee, fruit juice or pulp, sugar, milk or flavouring","[""classic black tea"",""drinks"",""fizzyleaf classic black tea""]","IN","{""storage"":""ambient"",""serve_chilled"":true,""pack_size"":""750 ml""}","active","4.4","7754","{""energy"":44,""protein"":0.5,""total_sugar"":10,""added_sugar"":8,""total_fat"":0.2}"
"prd_qm_pourhouse_cardamom_tea","Cardamom Tea","PourHouse","brand_qm_pourhouse","beverages","cat_qm_beverages","drinks_tea_coffee_juice","subcat_qm_drinks_tea_coffee_juice","Ready-to-drink beverage for refreshment, hydration, breakfast or a chilled break.","[""vegetarian""]","[""milk""]","Water, tea leaves, coffee, fruit juice or pulp, sugar, milk or flavouring","[""cardamom tea"",""drinks"",""pourhouse cardamom tea""]","IN","{""storage"":""ambient"",""serve_chilled"":true,""pack_size"":""750 ml""}","active","4.7","7927","{""energy"":44,""protein"":0.5,""total_sugar"":10,""added_sugar"":8,""total_fat"":0.2}"
"prd_qm_sunsip_green_tea_bags","Green Tea Bags","SunSip","brand_qm_sunsip","beverages","cat_qm_beverages","drinks_tea_coffee_juice","subcat_qm_drinks_tea_coffee_juice","Ready-to-drink beverage for refreshment, hydration, breakfast or a chilled break.","[""vegetarian""]","[""milk""]","Water, tea leaves, coffee, fruit juice or pulp, sugar, milk or flavouring","[""green tea bags"",""drinks"",""sunsip green tea bags""]","IN","{""storage"":""ambient"",""serve_chilled"":true,""pack_size"":""750 ml""}","active","4.1","8100","{""energy"":44,""protein"":0.5,""total_sugar"":10,""added_sugar"":8,""total_fat"":0.2}"
"prd_qm_fizzyleaf_ginger_tulsi_tea","Ginger Tulsi Tea","FizzyLeaf","brand_qm_fizzyleaf","beverages","cat_qm_beverages","drinks_tea_coffee_juice","subcat_qm_drinks_tea_coffee_juice","Ready-to-drink beverage for refreshment, hydration, breakfast or a chilled break.","[""vegetarian""]","[""milk""]","Water, tea leaves, coffee, fruit juice or pulp, sugar, milk or flavouring","[""ginger tulsi tea"",""drinks"",""fizzyleaf ginger tulsi tea""]","IN","{""storage"":""ambient"",""serve_chilled"":true,""pack_size"":""750 ml""}","active","4.4","8273","{""energy"":44,""protein"":0.5,""total_sugar"":10,""added_sugar"":8,""total_fat"":0.2}"
"prd_qm_pourhouse_instant_coffee_original","Instant Coffee Original","PourHouse","brand_qm_pourhouse","beverages","cat_qm_beverages","drinks_tea_coffee_juice","subcat_qm_drinks_tea_coffee_juice","Ready-to-drink beverage for refreshment, hydration, breakfast or a chilled break.","[""vegetarian""]","[""milk""]","Water, tea leaves, coffee, fruit juice or pulp, sugar, milk or flavouring","[""instant coffee original"",""drinks"",""pourhouse instant coffee original""]","IN","{""storage"":""ambient"",""serve_chilled"":true,""pack_size"":""750 ml""}","active","4.7","8446","{""energy"":44,""protein"":0.5,""total_sugar"":10,""added_sugar"":8,""total_fat"":0.2}"
"prd_qm_sunsip_dark_roast_coffee","Dark Roast Coffee","SunSip","brand_qm_sunsip","beverages","cat_qm_beverages","drinks_tea_coffee_juice","subcat_qm_drinks_tea_coffee_juice","Ready-to-drink beverage for refreshment, hydration, breakfast or a chilled break.","[""vegetarian""]","[""milk""]","Water, tea leaves, coffee, fruit juice or pulp, sugar, milk or flavouring","[""dark roast coffee"",""drinks"",""sunsip dark roast coffee""]","IN","{""storage"":""ambient"",""serve_chilled"":true,""pack_size"":""750 ml""}","active","4.1","8619","{""energy"":44,""protein"":0.5,""total_sugar"":10,""added_sugar"":8,""total_fat"":0.2}"
"prd_qm_fizzyleaf_filter_coffee_blend","Filter Coffee Blend","FizzyLeaf","brand_qm_fizzyleaf","beverages","cat_qm_beverages","drinks_tea_coffee_juice","subcat_qm_drinks_tea_coffee_juice","Ready-to-drink beverage for refreshment, hydration, breakfast or a chilled break.","[""vegetarian""]","[""milk""]","Water, tea leaves, coffee, fruit juice or pulp, sugar, milk or flavouring","[""filter coffee blend"",""drinks"",""fizzyleaf filter coffee blend""]","IN","{""storage"":""ambient"",""serve_chilled"":true,""pack_size"":""750 ml""}","active","4.4","8792","{""energy"":44,""protein"":0.5,""total_sugar"":10,""added_sugar"":8,""total_fat"":0.2}"
"prd_qm_pourhouse_cold_coffee_can","Cold Coffee Can","PourHouse","brand_qm_pourhouse","beverages","cat_qm_beverages","drinks_tea_coffee_juice","subcat_qm_drinks_tea_coffee_juice","Ready-to-drink beverage for refreshment, hydration, breakfast or a chilled break.","[""vegetarian""]","[""milk""]","Water, tea leaves, coffee, fruit juice or pulp, sugar, milk or flavouring","[""cold coffee can"",""drinks"",""pourhouse cold coffee can""]","IN","{""storage"":""ambient"",""serve_chilled"":true,""pack_size"":""750 ml""}","active","4.7","8965","{""energy"":44,""protein"":0.5,""total_sugar"":10,""added_sugar"":8,""total_fat"":0.2}"
"prd_qm_sunsip_cocoa_malt_drink","Cocoa Malt Drink","SunSip","brand_qm_sunsip","beverages","cat_qm_beverages","drinks_tea_coffee_juice","subcat_qm_drinks_tea_coffee_juice","Ready-to-drink beverage for refreshment, hydration, breakfast or a chilled break.","[""vegetarian""]","[""milk""]","Water, tea leaves, coffee, fruit juice or pulp, sugar, milk or flavouring","[""cocoa malt drink"",""drinks"",""sunsip cocoa malt drink""]","IN","{""storage"":""ambient"",""serve_chilled"":true,""pack_size"":""750 ml""}","active","4.1","9138","{""energy"":44,""protein"":0.5,""total_sugar"":10,""added_sugar"":8,""total_fat"":0.2}"
"prd_qm_fizzyleaf_salted_buttermilk","Salted Buttermilk","FizzyLeaf","brand_qm_fizzyleaf","beverages","cat_qm_beverages","drinks_tea_coffee_juice","subcat_qm_drinks_tea_coffee_juice","Ready-to-drink beverage for refreshment, hydration, breakfast or a chilled break.","[""vegetarian""]","[""milk""]","Water, tea leaves, coffee, fruit juice or pulp, sugar, milk or flavouring","[""salted buttermilk"",""drinks"",""fizzyleaf salted buttermilk""]","IN","{""storage"":""ambient"",""serve_chilled"":true,""pack_size"":""750 ml""}","active","4.4","9311","{""energy"":44,""protein"":0.5,""total_sugar"":10,""added_sugar"":8,""total_fat"":0.2}"
"prd_qm_pourhouse_plain_lassi","Plain Lassi","PourHouse","brand_qm_pourhouse","beverages","cat_qm_beverages","drinks_tea_coffee_juice","subcat_qm_drinks_tea_coffee_juice","Ready-to-drink beverage for refreshment, hydration, breakfast or a chilled break.","[""vegetarian""]","[""milk""]","Water, tea leaves, coffee, fruit juice or pulp, sugar, milk or flavouring","[""plain lassi"",""drinks"",""pourhouse plain lassi""]","IN","{""storage"":""ambient"",""serve_chilled"":true,""pack_size"":""750 ml""}","active","4.7","9484","{""energy"":44,""protein"":0.5,""total_sugar"":10,""added_sugar"":8,""total_fat"":0.2}"
"prd_qm_sunsip_mango_lassi","Mango Lassi","SunSip","brand_qm_sunsip","beverages","cat_qm_beverages","drinks_tea_coffee_juice","subcat_qm_drinks_tea_coffee_juice","Ready-to-drink beverage for refreshment, hydration, breakfast or a chilled break.","[""vegetarian""]","[""milk""]","Water, tea leaves, coffee, fruit juice or pulp, sugar, milk or flavouring","[""mango lassi"",""drinks"",""sunsip mango lassi""]","IN","{""storage"":""ambient"",""serve_chilled"":true,""pack_size"":""750 ml""}","active","4.1","9657","{""energy"":44,""protein"":0.5,""total_sugar"":10,""added_sugar"":8,""total_fat"":0.2}"
"prd_qm_fizzyleaf_berry_fruit_drink","Berry Fruit Drink","FizzyLeaf","brand_qm_fizzyleaf","beverages","cat_qm_beverages","drinks_tea_coffee_juice","subcat_qm_drinks_tea_coffee_juice","Ready-to-drink beverage for refreshment, hydration, breakfast or a chilled break.","[""vegetarian""]","[""milk""]","Water, tea leaves, coffee, fruit juice or pulp, sugar, milk or flavouring","[""berry fruit drink"",""drinks"",""fizzyleaf berry fruit drink""]","IN","{""storage"":""ambient"",""serve_chilled"":true,""pack_size"":""750 ml""}","active","4.4","9830","{""energy"":44,""protein"":0.5,""total_sugar"":10,""added_sugar"":8,""total_fat"":0.2}"
"prd_qm_pourhouse_pomegranate_juice","Pomegranate Juice","PourHouse","brand_qm_pourhouse","beverages","cat_qm_beverages","drinks_tea_coffee_juice","subcat_qm_drinks_tea_coffee_juice","Ready-to-drink beverage for refreshment, hydration, breakfast or a chilled break.","[""vegetarian""]","[""milk""]","Water, tea leaves, coffee, fruit juice or pulp, sugar, milk or flavouring","[""pomegranate juice"",""drinks"",""pourhouse pomegranate juice""]","IN","{""storage"":""ambient"",""serve_chilled"":true,""pack_size"":""750 ml""}","active","4.7","10003","{""energy"":44,""protein"":0.5,""total_sugar"":10,""added_sugar"":8,""total_fat"":0.2}"
"prd_qm_sunsip_apple_juice","Apple Juice","SunSip","brand_qm_sunsip","beverages","cat_qm_beverages","drinks_tea_coffee_juice","subcat_qm_drinks_tea_coffee_juice","Ready-to-drink beverage for refreshment, hydration, breakfast or a chilled break.","[""vegetarian""]","[""milk""]","Water, tea leaves, coffee, fruit juice or pulp, sugar, milk or flavouring","[""apple juice"",""drinks"",""sunsip apple juice""]","IN","{""storage"":""ambient"",""serve_chilled"":true,""pack_size"":""750 ml""}","active","4.1","10176","{""energy"":44,""protein"":0.5,""total_sugar"":10,""added_sugar"":8,""total_fat"":0.2}"
"prd_qm_fizzyleaf_orange_juice","Orange Juice","FizzyLeaf","brand_qm_fizzyleaf","beverages","cat_qm_beverages","drinks_tea_coffee_juice","subcat_qm_drinks_tea_coffee_juice","Ready-to-drink beverage for refreshment, hydration, breakfast or a chilled break.","[""vegetarian""]","[""milk""]","Water, tea leaves, coffee, fruit juice or pulp, sugar, milk or flavouring","[""orange juice"",""drinks"",""fizzyleaf orange juice""]","IN","{""storage"":""ambient"",""serve_chilled"":true,""pack_size"":""750 ml""}","active","4.4","10349","{""energy"":44,""protein"":0.5,""total_sugar"":10,""added_sugar"":8,""total_fat"":0.2}"
"prd_qm_pourhouse_lemonade","Lemonade","PourHouse","brand_qm_pourhouse","beverages","cat_qm_beverages","drinks_tea_coffee_juice","subcat_qm_drinks_tea_coffee_juice","Ready-to-drink beverage for refreshment, hydration, breakfast or a chilled break.","[""vegetarian""]","[""milk""]","Water, tea leaves, coffee, fruit juice or pulp, sugar, milk or flavouring","[""lemonade"",""drinks"",""pourhouse lemonade""]","IN","{""storage"":""ambient"",""serve_chilled"":true,""pack_size"":""750 ml""}","active","4.7","10522","{""energy"":44,""protein"":0.5,""total_sugar"":10,""added_sugar"":8,""total_fat"":0.2}"
"prd_qm_sunsip_electrolyte_orange_drink","Electrolyte Orange Drink","SunSip","brand_qm_sunsip","beverages","cat_qm_beverages","drinks_tea_coffee_juice","subcat_qm_drinks_tea_coffee_juice","Ready-to-drink beverage for refreshment, hydration, breakfast or a chilled break.","[""vegetarian""]","[""milk""]","Water, tea leaves, coffee, fruit juice or pulp, sugar, milk or flavouring","[""electrolyte orange drink"",""drinks"",""sunsip electrolyte orange drink""]","IN","{""storage"":""ambient"",""serve_chilled"":true,""pack_size"":""750 ml""}","active","4.1","10695","{""energy"":44,""protein"":0.5,""total_sugar"":10,""added_sugar"":8,""total_fat"":0.2}"
"prd_qm_greenbasket_robusta_banana","Robusta Banana","GreenBasket","brand_qm_greenbasket","fresh_produce","cat_qm_fresh_produce","fruit_vegetable","subcat_qm_fruit_vegetable","Fresh seasonal produce for snacking, breakfast, salads, smoothies and home cooking.","[""vegetarian"",""vegan"",""gluten_free""]","[]","Fresh fruit or vegetable","[""robusta banana"",""fruit"",""greenbasket robusta banana""]","IN","{""storage"":""ambient"",""sold_by"":""weight"",""fresh_product"":true,""pack_size"":""1 kg""}","active","4.4","10868","{""energy"":40,""protein"":1.5,""total_sugar"":5,""added_sugar"":0,""total_fat"":0.3,""fiber"":2.5}"
"prd_qm_dailyharvest_alphonso_mango","Alphonso Mango","DailyHarvest","brand_qm_dailyharvest","fresh_produce","cat_qm_fresh_produce","fruit_vegetable","subcat_qm_fruit_vegetable","Fresh seasonal produce for snacking, breakfast, salads, smoothies and home cooking.","[""vegetarian"",""vegan"",""gluten_free""]","[]","Fresh fruit or vegetable","[""alphonso mango"",""fruit"",""dailyharvest alphonso mango""]","IN","{""storage"":""ambient"",""sold_by"":""weight"",""fresh_product"":true,""pack_size"":""500 g""}","active","4.7","11041","{""energy"":40,""protein"":1.5,""total_sugar"":5,""added_sugar"":0,""total_fat"":0.3,""fiber"":2.5}"
"prd_qm_freshroute_kesar_mango","Kesar Mango","FreshRoute","brand_qm_freshroute","fresh_produce","cat_qm_fresh_produce","fruit_vegetable","subcat_qm_fruit_vegetable","Fresh seasonal produce for snacking, breakfast, salads, smoothies and home cooking.","[""vegetarian"",""vegan"",""gluten_free""]","[]","Fresh fruit or vegetable","[""kesar mango"",""fruit"",""freshroute kesar mango""]","IN","{""storage"":""ambient"",""sold_by"":""weight"",""fresh_product"":true,""pack_size"":""1 kg""}","active","4.1","11214","{""energy"":40,""protein"":1.5,""total_sugar"":5,""added_sugar"":0,""total_fat"":0.3,""fiber"":2.5}"
"prd_qm_greenbasket_red_delicious_apple","Red Delicious Apple","GreenBasket","brand_qm_greenbasket","fresh_produce","cat_qm_fresh_produce","fruit_vegetable","subcat_qm_fruit_vegetable","Fresh seasonal produce for snacking, breakfast, salads, smoothies and home cooking.","[""vegetarian"",""vegan"",""gluten_free""]","[]","Fresh fruit or vegetable","[""red delicious apple"",""fruit"",""greenbasket red delicious apple""]","IN","{""storage"":""ambient"",""sold_by"":""weight"",""fresh_product"":true,""pack_size"":""500 g""}","active","4.4","11387","{""energy"":40,""protein"":1.5,""total_sugar"":5,""added_sugar"":0,""total_fat"":0.3,""fiber"":2.5}"
"prd_qm_dailyharvest_green_apple","Green Apple","DailyHarvest","brand_qm_dailyharvest","fresh_produce","cat_qm_fresh_produce","fruit_vegetable","subcat_qm_fruit_vegetable","Fresh seasonal produce for snacking, breakfast, salads, smoothies and home cooking.","[""vegetarian"",""vegan"",""gluten_free""]","[]","Fresh fruit or vegetable","[""green apple"",""fruit"",""dailyharvest green apple""]","IN","{""storage"":""ambient"",""sold_by"":""weight"",""fresh_product"":true,""pack_size"":""1 kg""}","active","4.7","11560","{""energy"":40,""protein"":1.5,""total_sugar"":5,""added_sugar"":0,""total_fat"":0.3,""fiber"":2.5}"
"prd_qm_freshroute_nagpur_orange","Nagpur Orange","FreshRoute","brand_qm_freshroute","fresh_produce","cat_qm_fresh_produce","fruit_vegetable","subcat_qm_fruit_vegetable","Fresh seasonal produce for snacking, breakfast, salads, smoothies and home cooking.","[""vegetarian"",""vegan"",""gluten_free""]","[]","Fresh fruit or vegetable","[""nagpur orange"",""fruit"",""freshroute nagpur orange""]","IN","{""storage"":""ambient"",""sold_by"":""weight"",""fresh_product"":true,""pack_size"":""500 g""}","active","4.1","11733","{""energy"":40,""protein"":1.5,""total_sugar"":5,""added_sugar"":0,""total_fat"":0.3,""fiber"":2.5}"
"prd_qm_greenbasket_sweet_lime","Sweet Lime","GreenBasket","brand_qm_greenbasket","fresh_produce","cat_qm_fresh_produce","fruit_vegetable","subcat_qm_fruit_vegetable","Fresh seasonal produce for snacking, breakfast, salads, smoothies and home cooking.","[""vegetarian"",""vegan"",""gluten_free""]","[]","Fresh fruit or vegetable","[""sweet lime"",""fruit"",""greenbasket sweet lime""]","IN","{""storage"":""ambient"",""sold_by"":""weight"",""fresh_product"":true,""pack_size"":""1 kg""}","active","4.4","11906","{""energy"":40,""protein"":1.5,""total_sugar"":5,""added_sugar"":0,""total_fat"":0.3,""fiber"":2.5}"
"prd_qm_dailyharvest_papaya","Papaya","DailyHarvest","brand_qm_dailyharvest","fresh_produce","cat_qm_fresh_produce","fruit_vegetable","subcat_qm_fruit_vegetable","Fresh seasonal produce for snacking, breakfast, salads, smoothies and home cooking.","[""vegetarian"",""vegan"",""gluten_free""]","[]","Fresh fruit or vegetable","[""papaya"",""fruit"",""dailyharvest papaya""]","IN","{""storage"":""ambient"",""sold_by"":""weight"",""fresh_product"":true,""pack_size"":""500 g""}","active","4.7","12079","{""energy"":40,""protein"":1.5,""total_sugar"":5,""added_sugar"":0,""total_fat"":0.3,""fiber"":2.5}"
"prd_qm_freshroute_pomegranate","Pomegranate","FreshRoute","brand_qm_freshroute","fresh_produce","cat_qm_fresh_produce","fruit_vegetable","subcat_qm_fruit_vegetable","Fresh seasonal produce for snacking, breakfast, salads, smoothies and home cooking.","[""vegetarian"",""vegan"",""gluten_free""]","[]","Fresh fruit or vegetable","[""pomegranate"",""fruit"",""freshroute pomegranate""]","IN","{""storage"":""ambient"",""sold_by"":""weight"",""fresh_product"":true,""pack_size"":""1 kg""}","active","4.1","12252","{""energy"":40,""protein"":1.5,""total_sugar"":5,""added_sugar"":0,""total_fat"":0.3,""fiber"":2.5}"
"prd_qm_greenbasket_green_grapes","Green Grapes","GreenBasket","brand_qm_greenbasket","fresh_produce","cat_qm_fresh_produce","fruit_vegetable","subcat_qm_fruit_vegetable","Fresh seasonal produce for snacking, breakfast, salads, smoothies and home cooking.","[""vegetarian"",""vegan"",""gluten_free""]","[]","Fresh fruit or vegetable","[""green grapes"",""fruit"",""greenbasket green grapes""]","IN","{""storage"":""ambient"",""sold_by"":""weight"",""fresh_product"":true,""pack_size"":""500 g""}","active","4.4","12425","{""energy"":40,""protein"":1.5,""total_sugar"":5,""added_sugar"":0,""total_fat"":0.3,""fiber"":2.5}"
"prd_qm_dailyharvest_black_grapes","Black Grapes","DailyHarvest","brand_qm_dailyharvest","fresh_produce","cat_qm_fresh_produce","fruit_vegetable","subcat_qm_fruit_vegetable","Fresh seasonal produce for snacking, breakfast, salads, smoothies and home cooking.","[""vegetarian"",""vegan"",""gluten_free""]","[]","Fresh fruit or vegetable","[""black grapes"",""fruit"",""dailyharvest black grapes""]","IN","{""storage"":""ambient"",""sold_by"":""weight"",""fresh_product"":true,""pack_size"":""1 kg""}","active","4.7","12598","{""energy"":40,""protein"":1.5,""total_sugar"":5,""added_sugar"":0,""total_fat"":0.3,""fiber"":2.5}"
"prd_qm_freshroute_guava","Guava","FreshRoute","brand_qm_freshroute","fresh_produce","cat_qm_fresh_produce","fruit_vegetable","subcat_qm_fruit_vegetable","Fresh seasonal produce for snacking, breakfast, salads, smoothies and home cooking.","[""vegetarian"",""vegan"",""gluten_free""]","[]","Fresh fruit or vegetable","[""guava"",""fruit"",""freshroute guava""]","IN","{""storage"":""ambient"",""sold_by"":""weight"",""fresh_product"":true,""pack_size"":""500 g""}","active","4.1","12771","{""energy"":40,""protein"":1.5,""total_sugar"":5,""added_sugar"":0,""total_fat"":0.3,""fiber"":2.5}"
"prd_qm_greenbasket_pineapple","Pineapple","GreenBasket","brand_qm_greenbasket","fresh_produce","cat_qm_fresh_produce","fruit_vegetable","subcat_qm_fruit_vegetable","Fresh seasonal produce for snacking, breakfast, salads, smoothies and home cooking.","[""vegetarian"",""vegan"",""gluten_free""]","[]","Fresh fruit or vegetable","[""pineapple"",""fruit"",""greenbasket pineapple""]","IN","{""storage"":""ambient"",""sold_by"":""weight"",""fresh_product"":true,""pack_size"":""1 kg""}","active","4.4","12944","{""energy"":40,""protein"":1.5,""total_sugar"":5,""added_sugar"":0,""total_fat"":0.3,""fiber"":2.5}"
"prd_qm_dailyharvest_watermelon","Watermelon","DailyHarvest","brand_qm_dailyharvest","fresh_produce","cat_qm_fresh_produce","fruit_vegetable","subcat_qm_fruit_vegetable","Fresh seasonal produce for snacking, breakfast, salads, smoothies and home cooking.","[""vegetarian"",""vegan"",""gluten_free""]","[]","Fresh fruit or vegetable","[""watermelon"",""fruit"",""dailyharvest watermelon""]","IN","{""storage"":""ambient"",""sold_by"":""weight"",""fresh_product"":true,""pack_size"":""500 g""}","active","4.7","317","{""energy"":40,""protein"":1.5,""total_sugar"":5,""added_sugar"":0,""total_fat"":0.3,""fiber"":2.5}"
"prd_qm_freshroute_muskmelon","Muskmelon","FreshRoute","brand_qm_freshroute","fresh_produce","cat_qm_fresh_produce","fruit_vegetable","subcat_qm_fruit_vegetable","Fresh seasonal produce for snacking, breakfast, salads, smoothies and home cooking.","[""vegetarian"",""vegan"",""gluten_free""]","[]","Fresh fruit or vegetable","[""muskmelon"",""fruit"",""freshroute muskmelon""]","IN","{""storage"":""ambient"",""sold_by"":""weight"",""fresh_product"":true,""pack_size"":""1 kg""}","active","4.1","490","{""energy"":40,""protein"":1.5,""total_sugar"":5,""added_sugar"":0,""total_fat"":0.3,""fiber"":2.5}"
"prd_qm_greenbasket_kiwi","Kiwi","GreenBasket","brand_qm_greenbasket","fresh_produce","cat_qm_fresh_produce","fruit_vegetable","subcat_qm_fruit_vegetable","Fresh seasonal produce for snacking, breakfast, salads, smoothies and home cooking.","[""vegetarian"",""vegan"",""gluten_free""]","[]","Fresh fruit or vegetable","[""kiwi"",""fruit"",""greenbasket kiwi""]","IN","{""storage"":""ambient"",""sold_by"":""weight"",""fresh_product"":true,""pack_size"":""500 g""}","active","4.4","663","{""energy"":40,""protein"":1.5,""total_sugar"":5,""added_sugar"":0,""total_fat"":0.3,""fiber"":2.5}"
"prd_qm_dailyharvest_pear","Pear","DailyHarvest","brand_qm_dailyharvest","fresh_produce","cat_qm_fresh_produce","fruit_vegetable","subcat_qm_fruit_vegetable","Fresh seasonal produce for snacking, breakfast, salads, smoothies and home cooking.","[""vegetarian"",""vegan"",""gluten_free""]","[]","Fresh fruit or vegetable","[""pear"",""fruit"",""dailyharvest pear""]","IN","{""storage"":""ambient"",""sold_by"":""weight"",""fresh_product"":true,""pack_size"":""1 kg""}","active","4.7","836","{""energy"":40,""protein"":1.5,""total_sugar"":5,""added_sugar"":0,""total_fat"":0.3,""fiber"":2.5}"
"prd_qm_freshroute_dragon_fruit","Dragon Fruit","FreshRoute","brand_qm_freshroute","fresh_produce","cat_qm_fresh_produce","fruit_vegetable","subcat_qm_fruit_vegetable","Fresh seasonal produce for snacking, breakfast, salads, smoothies and home cooking.","[""vegetarian"",""vegan"",""gluten_free""]","[]","Fresh fruit or vegetable","[""dragon fruit"",""fruit"",""freshroute dragon fruit""]","IN","{""storage"":""ambient"",""sold_by"":""weight"",""fresh_product"":true,""pack_size"":""500 g""}","active","4.1","1009","{""energy"":40,""protein"":1.5,""total_sugar"":5,""added_sugar"":0,""total_fat"":0.3,""fiber"":2.5}"
"prd_qm_greenbasket_tender_coconut","Tender Coconut","GreenBasket","brand_qm_greenbasket","fresh_produce","cat_qm_fresh_produce","fruit_vegetable","subcat_qm_fruit_vegetable","Fresh seasonal produce for snacking, breakfast, salads, smoothies and home cooking.","[""vegetarian"",""vegan"",""gluten_free""]","[]","Fresh fruit or vegetable","[""tender coconut"",""fruit"",""greenbasket tender coconut""]","IN","{""storage"":""ambient"",""sold_by"":""weight"",""fresh_product"":true,""pack_size"":""1 kg""}","active","4.4","1182","{""energy"":40,""protein"":1.5,""total_sugar"":5,""added_sugar"":0,""total_fat"":0.3,""fiber"":2.5}"
"prd_qm_dailyharvest_strawberry","Strawberry","DailyHarvest","brand_qm_dailyharvest","fresh_produce","cat_qm_fresh_produce","fruit_vegetable","subcat_qm_fruit_vegetable","Fresh seasonal produce for snacking, breakfast, salads, smoothies and home cooking.","[""vegetarian"",""vegan"",""gluten_free""]","[]","Fresh fruit or vegetable","[""strawberry"",""fruit"",""dailyharvest strawberry""]","IN","{""storage"":""ambient"",""sold_by"":""weight"",""fresh_product"":true,""pack_size"":""500 g""}","active","4.7","1355","{""energy"":40,""protein"":1.5,""total_sugar"":5,""added_sugar"":0,""total_fat"":0.3,""fiber"":2.5}"
"prd_qm_freshroute_blueberry","Blueberry","FreshRoute","brand_qm_freshroute","fresh_produce","cat_qm_fresh_produce","fruit_vegetable","subcat_qm_fruit_vegetable","Fresh seasonal produce for snacking, breakfast, salads, smoothies and home cooking.","[""vegetarian"",""vegan"",""gluten_free""]","[]","Fresh fruit or vegetable","[""blueberry"",""fruit"",""freshroute blueberry""]","IN","{""storage"":""ambient"",""sold_by"":""weight"",""fresh_product"":true,""pack_size"":""1 kg""}","active","4.1","1528","{""energy"":40,""protein"":1.5,""total_sugar"":5,""added_sugar"":0,""total_fat"":0.3,""fiber"":2.5}"
"prd_qm_greenbasket_chikoo","Chikoo","GreenBasket","brand_qm_greenbasket","fresh_produce","cat_qm_fresh_produce","fruit_vegetable","subcat_qm_fruit_vegetable","Fresh seasonal produce for snacking, breakfast, salads, smoothies and home cooking.","[""vegetarian"",""vegan"",""gluten_free""]","[]","Fresh fruit or vegetable","[""chikoo"",""fruit"",""greenbasket chikoo""]","IN","{""storage"":""ambient"",""sold_by"":""weight"",""fresh_product"":true,""pack_size"":""500 g""}","active","4.4","1701","{""energy"":40,""protein"":1.5,""total_sugar"":5,""added_sugar"":0,""total_fat"":0.3,""fiber"":2.5}"
"prd_qm_dailyharvest_plum","Plum","DailyHarvest","brand_qm_dailyharvest","fresh_produce","cat_qm_fresh_produce","fruit_vegetable","subcat_qm_fruit_vegetable","Fresh seasonal produce for snacking, breakfast, salads, smoothies and home cooking.","[""vegetarian"",""vegan"",""gluten_free""]","[]","Fresh fruit or vegetable","[""plum"",""fruit"",""dailyharvest plum""]","IN","{""storage"":""ambient"",""sold_by"":""weight"",""fresh_product"":true,""pack_size"":""1 kg""}","active","4.7","1874","{""energy"":40,""protein"":1.5,""total_sugar"":5,""added_sugar"":0,""total_fat"":0.3,""fiber"":2.5}"
"prd_qm_freshroute_peach","Peach","FreshRoute","brand_qm_freshroute","fresh_produce","cat_qm_fresh_produce","fruit_vegetable","subcat_qm_fruit_vegetable","Fresh seasonal produce for snacking, breakfast, salads, smoothies and home cooking.","[""vegetarian"",""vegan"",""gluten_free""]","[]","Fresh fruit or vegetable","[""peach"",""fruit"",""freshroute peach""]","IN","{""storage"":""ambient"",""sold_by"":""weight"",""fresh_product"":true,""pack_size"":""500 g""}","active","4.1","2047","{""energy"":40,""protein"":1.5,""total_sugar"":5,""added_sugar"":0,""total_fat"":0.3,""fiber"":2.5}"
"prd_qm_greenbasket_litchi","Litchi","GreenBasket","brand_qm_greenbasket","fresh_produce","cat_qm_fresh_produce","fruit_vegetable","subcat_qm_fruit_vegetable","Fresh seasonal produce for snacking, breakfast, salads, smoothies and home cooking.","[""vegetarian"",""vegan"",""gluten_free""]","[]","Fresh fruit or vegetable","[""litchi"",""fruit"",""greenbasket litchi""]","IN","{""storage"":""ambient"",""sold_by"":""weight"",""fresh_product"":true,""pack_size"":""1 kg""}","active","4.4","2220","{""energy"":40,""protein"":1.5,""total_sugar"":5,""added_sugar"":0,""total_fat"":0.3,""fiber"":2.5}"
"prd_qm_dailyharvest_avocado","Avocado","DailyHarvest","brand_qm_dailyharvest","fresh_produce","cat_qm_fresh_produce","fruit_vegetable","subcat_qm_fruit_vegetable","Fresh seasonal produce for snacking, breakfast, salads, smoothies and home cooking.","[""vegetarian"",""vegan"",""gluten_free""]","[]","Fresh fruit or vegetable","[""avocado"",""fruit"",""dailyharvest avocado""]","IN","{""storage"":""ambient"",""sold_by"":""weight"",""fresh_product"":true,""pack_size"":""500 g""}","active","4.7","2393","{""energy"":40,""protein"":1.5,""total_sugar"":5,""added_sugar"":0,""total_fat"":0.3,""fiber"":2.5}"
"prd_qm_freshroute_hybrid_tomato","Hybrid Tomato","FreshRoute","brand_qm_freshroute","fresh_produce","cat_qm_fresh_produce","fruit_vegetable","subcat_qm_fruit_vegetable","Fresh seasonal produce for snacking, breakfast, salads, smoothies and home cooking.","[""vegetarian"",""vegan"",""gluten_free""]","[]","Fresh fruit or vegetable","[""hybrid tomato"",""fruit"",""freshroute hybrid tomato""]","IN","{""storage"":""ambient"",""sold_by"":""weight"",""fresh_product"":true,""pack_size"":""1 kg""}","active","4.1","2566","{""energy"":40,""protein"":1.5,""total_sugar"":5,""added_sugar"":0,""total_fat"":0.3,""fiber"":2.5}"
"prd_qm_greenbasket_red_onion","Red Onion","GreenBasket","brand_qm_greenbasket","fresh_produce","cat_qm_fresh_produce","fruit_vegetable","subcat_qm_fruit_vegetable","Fresh seasonal produce for snacking, breakfast, salads, smoothies and home cooking.","[""vegetarian"",""vegan"",""gluten_free""]","[]","Fresh fruit or vegetable","[""red onion"",""fruit"",""greenbasket red onion""]","IN","{""storage"":""ambient"",""sold_by"":""weight"",""fresh_product"":true,""pack_size"":""500 g""}","active","4.4","2739","{""energy"":40,""protein"":1.5,""total_sugar"":5,""added_sugar"":0,""total_fat"":0.3,""fiber"":2.5}"
"prd_qm_dailyharvest_table_potato","Table Potato","DailyHarvest","brand_qm_dailyharvest","fresh_produce","cat_qm_fresh_produce","fruit_vegetable","subcat_qm_fruit_vegetable","Fresh seasonal produce for snacking, breakfast, salads, smoothies and home cooking.","[""vegetarian"",""vegan"",""gluten_free""]","[]","Fresh fruit or vegetable","[""table potato"",""fruit"",""dailyharvest table potato""]","IN","{""storage"":""ambient"",""sold_by"":""weight"",""fresh_product"":true,""pack_size"":""1 kg""}","active","4.7","2912","{""energy"":40,""protein"":1.5,""total_sugar"":5,""added_sugar"":0,""total_fat"":0.3,""fiber"":2.5}"
"prd_qm_freshroute_green_capsicum","Green Capsicum","FreshRoute","brand_qm_freshroute","fresh_produce","cat_qm_fresh_produce","fruit_vegetable","subcat_qm_fruit_vegetable","Fresh seasonal produce for snacking, breakfast, salads, smoothies and home cooking.","[""vegetarian"",""vegan"",""gluten_free""]","[]","Fresh fruit or vegetable","[""green capsicum"",""fruit"",""freshroute green capsicum""]","IN","{""storage"":""ambient"",""sold_by"":""weight"",""fresh_product"":true,""pack_size"":""500 g""}","active","4.1","3085","{""energy"":40,""protein"":1.5,""total_sugar"":5,""added_sugar"":0,""total_fat"":0.3,""fiber"":2.5}"
"prd_qm_harborcatch_chicken_curry_cut","Chicken Curry Cut","HarborCatch","brand_qm_harborcatch","meat_seafood","cat_qm_meat_seafood","chicken_fish_seafood","subcat_qm_chicken_fish_seafood","Fresh chilled meat or seafood for curries, frying, grilling and everyday meals.","[""non_vegetarian""]","[""fish"",""crustaceans""]","Fresh chicken, meat, fish or seafood","[""chicken curry cut"",""chicken"",""harborcatch chicken curry cut""]","IN","{""storage"":""chilled"",""sold_by"":""weight"",""fresh_product"":true,""pack_size"":""1 kg""}","active","4.4","3258","{""energy"":165,""protein"":24,""total_sugar"":0,""added_sugar"":0,""total_fat"":7}"
"prd_qm_meatbasket_chicken_breast_boneless","Chicken Breast Boneless","MeatBasket","brand_qm_meatbasket","meat_seafood","cat_qm_meat_seafood","chicken_fish_seafood","subcat_qm_chicken_fish_seafood","Fresh chilled meat or seafood for curries, frying, grilling and everyday meals.","[""non_vegetarian""]","[""fish"",""crustaceans""]","Fresh chicken, meat, fish or seafood","[""chicken breast boneless"",""chicken"",""meatbasket chicken breast boneless""]","IN","{""storage"":""chilled"",""sold_by"":""weight"",""fresh_product"":true,""pack_size"":""500 g""}","active","4.7","3431","{""energy"":165,""protein"":24,""total_sugar"":0,""added_sugar"":0,""total_fat"":7}"
"prd_qm_coastalcut_chicken_thigh_boneless","Chicken Thigh Boneless","CoastalCut","brand_qm_coastalcut","meat_seafood","cat_qm_meat_seafood","chicken_fish_seafood","subcat_qm_chicken_fish_seafood","Fresh chilled meat or seafood for curries, frying, grilling and everyday meals.","[""non_vegetarian""]","[""fish"",""crustaceans""]","Fresh chicken, meat, fish or seafood","[""chicken thigh boneless"",""chicken"",""coastalcut chicken thigh boneless""]","IN","{""storage"":""chilled"",""sold_by"":""weight"",""fresh_product"":true,""pack_size"":""1 kg""}","active","4.1","3604","{""energy"":165,""protein"":24,""total_sugar"":0,""added_sugar"":0,""total_fat"":7}"
"prd_qm_harborcatch_chicken_leg_cut","Chicken Leg Cut","HarborCatch","brand_qm_harborcatch","meat_seafood","cat_qm_meat_seafood","chicken_fish_seafood","subcat_qm_chicken_fish_seafood","Fresh chilled meat or seafood for curries, frying, grilling and everyday meals.","[""non_vegetarian""]","[""fish"",""crustaceans""]","Fresh chicken, meat, fish or seafood","[""chicken leg cut"",""chicken"",""harborcatch chicken leg cut""]","IN","{""storage"":""chilled"",""sold_by"":""weight"",""fresh_product"":true,""pack_size"":""500 g""}","active","4.4","3777","{""energy"":165,""protein"":24,""total_sugar"":0,""added_sugar"":0,""total_fat"":7}"
"prd_qm_meatbasket_chicken_mince","Chicken Mince","MeatBasket","brand_qm_meatbasket","meat_seafood","cat_qm_meat_seafood","chicken_fish_seafood","subcat_qm_chicken_fish_seafood","Fresh chilled meat or seafood for curries, frying, grilling and everyday meals.","[""non_vegetarian""]","[""fish"",""crustaceans""]","Fresh chicken, meat, fish or seafood","[""chicken mince"",""chicken"",""meatbasket chicken mince""]","IN","{""storage"":""chilled"",""sold_by"":""weight"",""fresh_product"":true,""pack_size"":""1 kg""}","active","4.7","3950","{""energy"":165,""protein"":24,""total_sugar"":0,""added_sugar"":0,""total_fat"":7}"
"prd_qm_coastalcut_chicken_wings","Chicken Wings","CoastalCut","brand_qm_coastalcut","meat_seafood","cat_qm_meat_seafood","chicken_fish_seafood","subcat_qm_chicken_fish_seafood","Fresh chilled meat or seafood for curries, frying, grilling and everyday meals.","[""non_vegetarian""]","[""fish"",""crustaceans""]","Fresh chicken, meat, fish or seafood","[""chicken wings"",""chicken"",""coastalcut chicken wings""]","IN","{""storage"":""chilled"",""sold_by"":""weight"",""fresh_product"":true,""pack_size"":""500 g""}","active","4.1","4123","{""energy"":165,""protein"":24,""total_sugar"":0,""added_sugar"":0,""total_fat"":7}"
"prd_qm_harborcatch_chicken_tikka_cut","Chicken Tikka Cut","HarborCatch","brand_qm_harborcatch","meat_seafood","cat_qm_meat_seafood","chicken_fish_seafood","subcat_qm_chicken_fish_seafood","Fresh chilled meat or seafood for curries, frying, grilling and everyday meals.","[""non_vegetarian""]","[""fish"",""crustaceans""]","Fresh chicken, meat, fish or seafood","[""chicken tikka cut"",""chicken"",""harborcatch chicken tikka cut""]","IN","{""storage"":""chilled"",""sold_by"":""weight"",""fresh_product"":true,""pack_size"":""1 kg""}","active","4.4","4296","{""energy"":165,""protein"":24,""total_sugar"":0,""added_sugar"":0,""total_fat"":7}"
"prd_qm_meatbasket_chicken_drumsticks","Chicken Drumsticks","MeatBasket","brand_qm_meatbasket","meat_seafood","cat_qm_meat_seafood","chicken_fish_seafood","subcat_qm_chicken_fish_seafood","Fresh chilled meat or seafood for curries, frying, grilling and everyday meals.","[""non_vegetarian""]","[""fish"",""crustaceans""]","Fresh chicken, meat, fish or seafood","[""chicken drumsticks"",""chicken"",""meatbasket chicken drumsticks""]","IN","{""storage"":""chilled"",""sold_by"":""weight"",""fresh_product"":true,""pack_size"":""500 g""}","active","4.7","4469","{""energy"":165,""protein"":24,""total_sugar"":0,""added_sugar"":0,""total_fat"":7}"
"prd_qm_coastalcut_whole_chicken_cleaned","Whole Chicken Cleaned","CoastalCut","brand_qm_coastalcut","meat_seafood","cat_qm_meat_seafood","chicken_fish_seafood","subcat_qm_chicken_fish_seafood","Fresh chilled meat or seafood for curries, frying, grilling and everyday meals.","[""non_vegetarian""]","[""fish"",""crustaceans""]","Fresh chicken, meat, fish or seafood","[""whole chicken cleaned"",""chicken"",""coastalcut whole chicken cleaned""]","IN","{""storage"":""chilled"",""sold_by"":""weight"",""fresh_product"":true,""pack_size"":""1 kg""}","active","4.1","4642","{""energy"":165,""protein"":24,""total_sugar"":0,""added_sugar"":0,""total_fat"":7}"
"prd_qm_harborcatch_chicken_sausage","Chicken Sausage","HarborCatch","brand_qm_harborcatch","meat_seafood","cat_qm_meat_seafood","chicken_fish_seafood","subcat_qm_chicken_fish_seafood","Fresh chilled meat or seafood for curries, frying, grilling and everyday meals.","[""non_vegetarian""]","[""fish"",""crustaceans""]","Fresh chicken, meat, fish or seafood","[""chicken sausage"",""chicken"",""harborcatch chicken sausage""]","IN","{""storage"":""chilled"",""sold_by"":""weight"",""fresh_product"":true,""pack_size"":""500 g""}","active","4.4","4815","{""energy"":165,""protein"":24,""total_sugar"":0,""added_sugar"":0,""total_fat"":7}"
"prd_qm_meatbasket_rohu_curry_cut","Rohu Curry Cut","MeatBasket","brand_qm_meatbasket","meat_seafood","cat_qm_meat_seafood","chicken_fish_seafood","subcat_qm_chicken_fish_seafood","Fresh chilled meat or seafood for curries, frying, grilling and everyday meals.","[""non_vegetarian""]","[""fish"",""crustaceans""]","Fresh chicken, meat, fish or seafood","[""rohu curry cut"",""chicken"",""meatbasket rohu curry cut""]","IN","{""storage"":""chilled"",""sold_by"":""weight"",""fresh_product"":true,""pack_size"":""1 kg""}","active","4.7","4988","{""energy"":165,""protein"":24,""total_sugar"":0,""added_sugar"":0,""total_fat"":7}"
"prd_qm_coastalcut_katla_curry_cut","Katla Curry Cut","CoastalCut","brand_qm_coastalcut","meat_seafood","cat_qm_meat_seafood","chicken_fish_seafood","subcat_qm_chicken_fish_seafood","Fresh chilled meat or seafood for curries, frying, grilling and everyday meals.","[""non_vegetarian""]","[""fish"",""crustaceans""]","Fresh chicken, meat, fish or seafood","[""katla curry cut"",""chicken"",""coastalcut katla curry cut""]","IN","{""storage"":""chilled"",""sold_by"":""weight"",""fresh_product"":true,""pack_size"":""500 g""}","active","4.1","5161","{""energy"":165,""protein"":24,""total_sugar"":0,""added_sugar"":0,""total_fat"":7}"
"prd_qm_harborcatch_rawas_fillet","Rawas Fillet","HarborCatch","brand_qm_harborcatch","meat_seafood","cat_qm_meat_seafood","chicken_fish_seafood","subcat_qm_chicken_fish_seafood","Fresh chilled meat or seafood for curries, frying, grilling and everyday meals.","[""non_vegetarian""]","[""fish"",""crustaceans""]","Fresh chicken, meat, fish or seafood","[""rawas fillet"",""chicken"",""harborcatch rawas fillet""]","IN","{""storage"":""chilled"",""sold_by"":""weight"",""fresh_product"":true,""pack_size"":""1 kg""}","active","4.4","5334","{""energy"":165,""protein"":24,""total_sugar"":0,""added_sugar"":0,""total_fat"":7}"
"prd_qm_meatbasket_basa_fillet","Basa Fillet","MeatBasket","brand_qm_meatbasket","meat_seafood","cat_qm_meat_seafood","chicken_fish_seafood","subcat_qm_chicken_fish_seafood","Fresh chilled meat or seafood for curries, frying, grilling and everyday meals.","[""non_vegetarian""]","[""fish"",""crustaceans""]","Fresh chicken, meat, fish or seafood","[""basa fillet"",""chicken"",""meatbasket basa fillet""]","IN","{""storage"":""chilled"",""sold_by"":""weight"",""fresh_product"":true,""pack_size"":""500 g""}","active","4.7","5507","{""energy"":165,""protein"":24,""total_sugar"":0,""added_sugar"":0,""total_fat"":7}"
"prd_qm_coastalcut_pomfret_cleaned","Pomfret Cleaned","CoastalCut","brand_qm_coastalcut","meat_seafood","cat_qm_meat_seafood","chicken_fish_seafood","subcat_qm_chicken_fish_seafood","Fresh chilled meat or seafood for curries, frying, grilling and everyday meals.","[""non_vegetarian""]","[""fish"",""crustaceans""]","Fresh chicken, meat, fish or seafood","[""pomfret cleaned"",""chicken"",""coastalcut pomfret cleaned""]","IN","{""storage"":""chilled"",""sold_by"":""weight"",""fresh_product"":true,""pack_size"":""1 kg""}","active","4.1","5680","{""energy"":165,""protein"":24,""total_sugar"":0,""added_sugar"":0,""total_fat"":7}"
"prd_qm_harborcatch_medium_prawns","Medium Prawns","HarborCatch","brand_qm_harborcatch","meat_seafood","cat_qm_meat_seafood","chicken_fish_seafood","subcat_qm_chicken_fish_seafood","Fresh chilled meat or seafood for curries, frying, grilling and everyday meals.","[""non_vegetarian""]","[""fish"",""crustaceans""]","Fresh chicken, meat, fish or seafood","[""medium prawns"",""chicken"",""harborcatch medium prawns""]","IN","{""storage"":""chilled"",""sold_by"":""weight"",""fresh_product"":true,""pack_size"":""500 g""}","active","4.4","5853","{""energy"":165,""protein"":24,""total_sugar"":0,""added_sugar"":0,""total_fat"":7}"
"prd_qm_meatbasket_tiger_prawns","Tiger Prawns","MeatBasket","brand_qm_meatbasket","meat_seafood","cat_qm_meat_seafood","chicken_fish_seafood","subcat_qm_chicken_fish_seafood","Fresh chilled meat or seafood for curries, frying, grilling and everyday meals.","[""non_vegetarian""]","[""fish"",""crustaceans""]","Fresh chicken, meat, fish or seafood","[""tiger prawns"",""chicken"",""meatbasket tiger prawns""]","IN","{""storage"":""chilled"",""sold_by"":""weight"",""fresh_product"":true,""pack_size"":""1 kg""}","active","4.7","6026","{""energy"":165,""protein"":24,""total_sugar"":0,""added_sugar"":0,""total_fat"":7}"
"prd_qm_coastalcut_squid_rings","Squid Rings","CoastalCut","brand_qm_coastalcut","meat_seafood","cat_qm_meat_seafood","chicken_fish_seafood","subcat_qm_chicken_fish_seafood","Fresh chilled meat or seafood for curries, frying, grilling and everyday meals.","[""non_vegetarian""]","[""fish"",""crustaceans""]","Fresh chicken, meat, fish or seafood","[""squid rings"",""chicken"",""coastalcut squid rings""]","IN","{""storage"":""chilled"",""sold_by"":""weight"",""fresh_product"":true,""pack_size"":""500 g""}","active","4.1","6199","{""energy"":165,""protein"":24,""total_sugar"":0,""added_sugar"":0,""total_fat"":7}"
"prd_qm_harborcatch_mackerel_cleaned","Mackerel Cleaned","HarborCatch","brand_qm_harborcatch","meat_seafood","cat_qm_meat_seafood","chicken_fish_seafood","subcat_qm_chicken_fish_seafood","Fresh chilled meat or seafood for curries, frying, grilling and everyday meals.","[""non_vegetarian""]","[""fish"",""crustaceans""]","Fresh chicken, meat, fish or seafood","[""mackerel cleaned"",""chicken"",""harborcatch mackerel cleaned""]","IN","{""storage"":""chilled"",""sold_by"":""weight"",""fresh_product"":true,""pack_size"":""1 kg""}","active","4.4","6372","{""energy"":165,""protein"":24,""total_sugar"":0,""added_sugar"":0,""total_fat"":7}"
"prd_qm_meatbasket_surmai_steaks","Surmai Steaks","MeatBasket","brand_qm_meatbasket","meat_seafood","cat_qm_meat_seafood","chicken_fish_seafood","subcat_qm_chicken_fish_seafood","Fresh chilled meat or seafood for curries, frying, grilling and everyday meals.","[""non_vegetarian""]","[""fish"",""crustaceans""]","Fresh chicken, meat, fish or seafood","[""surmai steaks"",""chicken"",""meatbasket surmai steaks""]","IN","{""storage"":""chilled"",""sold_by"":""weight"",""fresh_product"":true,""pack_size"":""500 g""}","active","4.7","6545","{""energy"":165,""protein"":24,""total_sugar"":0,""added_sugar"":0,""total_fat"":7}"
"prd_qm_coastalcut_salmon_fillet","Salmon Fillet","CoastalCut","brand_qm_coastalcut","meat_seafood","cat_qm_meat_seafood","chicken_fish_seafood","subcat_qm_chicken_fish_seafood","Fresh chilled meat or seafood for curries, frying, grilling and everyday meals.","[""non_vegetarian""]","[""fish"",""crustaceans""]","Fresh chicken, meat, fish or seafood","[""salmon fillet"",""chicken"",""coastalcut salmon fillet""]","IN","{""storage"":""chilled"",""sold_by"":""weight"",""fresh_product"":true,""pack_size"":""1 kg""}","active","4.1","6718","{""energy"":165,""protein"":24,""total_sugar"":0,""added_sugar"":0,""total_fat"":7}"
"prd_qm_harborcatch_fish_fry_cut","Fish Fry Cut","HarborCatch","brand_qm_harborcatch","meat_seafood","cat_qm_meat_seafood","chicken_fish_seafood","subcat_qm_chicken_fish_seafood","Fresh chilled meat or seafood for curries, frying, grilling and everyday meals.","[""non_vegetarian""]","[""fish"",""crustaceans""]","Fresh chicken, meat, fish or seafood","[""fish fry cut"",""chicken"",""harborcatch fish fry cut""]","IN","{""storage"":""chilled"",""sold_by"":""weight"",""fresh_product"":true,""pack_size"":""500 g""}","active","4.4","6891","{""energy"":165,""protein"":24,""total_sugar"":0,""added_sugar"":0,""total_fat"":7}"
"prd_qm_meatbasket_whole_crab","Whole Crab","MeatBasket","brand_qm_meatbasket","meat_seafood","cat_qm_meat_seafood","chicken_fish_seafood","subcat_qm_chicken_fish_seafood","Fresh chilled meat or seafood for curries, frying, grilling and everyday meals.","[""non_vegetarian""]","[""fish"",""crustaceans""]","Fresh chicken, meat, fish or seafood","[""whole crab"",""chicken"",""meatbasket whole crab""]","IN","{""storage"":""chilled"",""sold_by"":""weight"",""fresh_product"":true,""pack_size"":""1 kg""}","active","4.7","7064","{""energy"":165,""protein"":24,""total_sugar"":0,""added_sugar"":0,""total_fat"":7}"
"prd_qm_coastalcut_anchovy_cleaned","Anchovy Cleaned","CoastalCut","brand_qm_coastalcut","meat_seafood","cat_qm_meat_seafood","chicken_fish_seafood","subcat_qm_chicken_fish_seafood","Fresh chilled meat or seafood for curries, frying, grilling and everyday meals.","[""non_vegetarian""]","[""fish"",""crustaceans""]","Fresh chicken, meat, fish or seafood","[""anchovy cleaned"",""chicken"",""coastalcut anchovy cleaned""]","IN","{""storage"":""chilled"",""sold_by"":""weight"",""fresh_product"":true,""pack_size"":""500 g""}","active","4.1","7237","{""energy"":165,""protein"":24,""total_sugar"":0,""added_sugar"":0,""total_fat"":7}"
"prd_qm_harborcatch_lamb_curry_cut","Lamb Curry Cut","HarborCatch","brand_qm_harborcatch","meat_seafood","cat_qm_meat_seafood","chicken_fish_seafood","subcat_qm_chicken_fish_seafood","Fresh chilled meat or seafood for curries, frying, grilling and everyday meals.","[""non_vegetarian""]","[""fish"",""crustaceans""]","Fresh chicken, meat, fish or seafood","[""lamb curry cut"",""chicken"",""harborcatch lamb curry cut""]","IN","{""storage"":""chilled"",""sold_by"":""weight"",""fresh_product"":true,""pack_size"":""1 kg""}","active","4.4","7410","{""energy"":165,""protein"":24,""total_sugar"":0,""added_sugar"":0,""total_fat"":7}"
"prd_qm_meatbasket_mutton_mince","Mutton Mince","MeatBasket","brand_qm_meatbasket","meat_seafood","cat_qm_meat_seafood","chicken_fish_seafood","subcat_qm_chicken_fish_seafood","Fresh chilled meat or seafood for curries, frying, grilling and everyday meals.","[""non_vegetarian""]","[""fish"",""crustaceans""]","Fresh chicken, meat, fish or seafood","[""mutton mince"",""chicken"",""meatbasket mutton mince""]","IN","{""storage"":""chilled"",""sold_by"":""weight"",""fresh_product"":true,""pack_size"":""500 g""}","active","4.7","7583","{""energy"":165,""protein"":24,""total_sugar"":0,""added_sugar"":0,""total_fat"":7}"
"prd_qm_coastalcut_mutton_chops","Mutton Chops","CoastalCut","brand_qm_coastalcut","meat_seafood","cat_qm_meat_seafood","chicken_fish_seafood","subcat_qm_chicken_fish_seafood","Fresh chilled meat or seafood for curries, frying, grilling and everyday meals.","[""non_vegetarian""]","[""fish"",""crustaceans""]","Fresh chicken, meat, fish or seafood","[""mutton chops"",""chicken"",""coastalcut mutton chops""]","IN","{""storage"":""chilled"",""sold_by"":""weight"",""fresh_product"":true,""pack_size"":""1 kg""}","active","4.1","7756","{""energy"":165,""protein"":24,""total_sugar"":0,""added_sugar"":0,""total_fat"":7}"
"prd_qm_harborcatch_turkey_slices","Turkey Slices","HarborCatch","brand_qm_harborcatch","meat_seafood","cat_qm_meat_seafood","chicken_fish_seafood","subcat_qm_chicken_fish_seafood","Fresh chilled meat or seafood for curries, frying, grilling and everyday meals.","[""non_vegetarian""]","[""fish"",""crustaceans""]","Fresh chicken, meat, fish or seafood","[""turkey slices"",""chicken"",""harborcatch turkey slices""]","IN","{""storage"":""chilled"",""sold_by"":""weight"",""fresh_product"":true,""pack_size"":""500 g""}","active","4.4","7929","{""energy"":165,""protein"":24,""total_sugar"":0,""added_sugar"":0,""total_fat"":7}"
"prd_qm_meatbasket_marinated_chicken_tikka","Marinated Chicken Tikka","MeatBasket","brand_qm_meatbasket","meat_seafood","cat_qm_meat_seafood","chicken_fish_seafood","subcat_qm_chicken_fish_seafood","Fresh chilled meat or seafood for curries, frying, grilling and everyday meals.","[""non_vegetarian""]","[""fish"",""crustaceans""]","Fresh chicken, meat, fish or seafood","[""marinated chicken tikka"",""chicken"",""meatbasket marinated chicken tikka""]","IN","{""storage"":""chilled"",""sold_by"":""weight"",""fresh_product"":true,""pack_size"":""1 kg""}","active","4.7","8102","{""energy"":165,""protein"":24,""total_sugar"":0,""added_sugar"":0,""total_fat"":7}"
"prd_qm_coastalcut_fish_curry_pieces","Fish Curry Pieces","CoastalCut","brand_qm_coastalcut","meat_seafood","cat_qm_meat_seafood","chicken_fish_seafood","subcat_qm_chicken_fish_seafood","Fresh chilled meat or seafood for curries, frying, grilling and everyday meals.","[""non_vegetarian""]","[""fish"",""crustaceans""]","Fresh chicken, meat, fish or seafood","[""fish curry pieces"",""chicken"",""coastalcut fish curry pieces""]","IN","{""storage"":""chilled"",""sold_by"":""weight"",""fresh_product"":true,""pack_size"":""500 g""}","active","4.1","8275","{""energy"":165,""protein"":24,""total_sugar"":0,""added_sugar"":0,""total_fat"":7}"
"prd_qm_cleanora_everyday_laundry_powder","Everyday Laundry Powder","Cleanora","brand_qm_cleanora","household","cat_qm_household","cleaning_laundry_home","subcat_qm_cleaning_laundry_home","Household essential for laundry, dishes, floors, surfaces, air care or bathroom cleaning.","[]","[]","Cleaning agents, surfactants, builders, fragrance and functional ingredients","[""everyday laundry powder"",""cleaning"",""cleanora everyday laundry powder""]","IN","{""storage"":""ambient"",""pack_size"":""500 ml""}","active","4.4","8448","{}"
"prd_qm_homekind_top_load_laundry_powder","Top Load Laundry Powder","HomeKind","brand_qm_homekind","household","cat_qm_household","cleaning_laundry_home","subcat_qm_cleaning_laundry_home","Household essential for laundry, dishes, floors, surfaces, air care or bathroom cleaning.","[]","[]","Cleaning agents, surfactants, builders, fragrance and functional ingredients","[""top load laundry powder"",""cleaning"",""homekind top load laundry powder""]","IN","{""storage"":""ambient"",""pack_size"":""500 ml""}","active","4.7","8621","{}"
"prd_qm_brightnest_front_load_laundry_liquid","Front Load Laundry Liquid","BrightNest","brand_qm_brightnest","household","cat_qm_household","cleaning_laundry_home","subcat_qm_cleaning_laundry_home","Household essential for laundry, dishes, floors, surfaces, air care or bathroom cleaning.","[]","[]","Cleaning agents, surfactants, builders, fragrance and functional ingredients","[""front load laundry liquid"",""cleaning"",""brightnest front load laundry liquid""]","IN","{""storage"":""ambient"",""pack_size"":""500 ml""}","active","4.1","8794","{}"
"prd_qm_cleanora_fabric_softener_fresh","Fabric Softener Fresh","Cleanora","brand_qm_cleanora","household","cat_qm_household","cleaning_laundry_home","subcat_qm_cleaning_laundry_home","Household essential for laundry, dishes, floors, surfaces, air care or bathroom cleaning.","[]","[]","Cleaning agents, surfactants, builders, fragrance and functional ingredients","[""fabric softener fresh"",""cleaning"",""cleanora fabric softener fresh""]","IN","{""storage"":""ambient"",""pack_size"":""500 ml""}","active","4.4","8967","{}"
"prd_qm_homekind_delicate_garment_wash","Delicate Garment Wash","HomeKind","brand_qm_homekind","household","cat_qm_household","cleaning_laundry_home","subcat_qm_cleaning_laundry_home","Household essential for laundry, dishes, floors, surfaces, air care or bathroom cleaning.","[]","[]","Cleaning agents, surfactants, builders, fragrance and functional ingredients","[""delicate garment wash"",""cleaning"",""homekind delicate garment wash""]","IN","{""storage"":""ambient"",""pack_size"":""500 ml""}","active","4.7","9140","{}"
"prd_qm_brightnest_lemon_dish_gel","Lemon Dish Gel","BrightNest","brand_qm_brightnest","household","cat_qm_household","cleaning_laundry_home","subcat_qm_cleaning_laundry_home","Household essential for laundry, dishes, floors, surfaces, air care or bathroom cleaning.","[]","[]","Cleaning agents, surfactants, builders, fragrance and functional ingredients","[""lemon dish gel"",""cleaning"",""brightnest lemon dish gel""]","IN","{""storage"":""ambient"",""pack_size"":""500 ml""}","active","4.1","9313","{}"
"prd_qm_cleanora_dish_scrub_bar","Dish Scrub Bar","Cleanora","brand_qm_cleanora","household","cat_qm_household","cleaning_laundry_home","subcat_qm_cleaning_laundry_home","Household essential for laundry, dishes, floors, surfaces, air care or bathroom cleaning.","[]","[]","Cleaning agents, surfactants, builders, fragrance and functional ingredients","[""dish scrub bar"",""cleaning"",""cleanora dish scrub bar""]","IN","{""storage"":""ambient"",""pack_size"":""500 ml""}","active","4.4","9486","{}"
"prd_qm_homekind_toilet_bowl_cleaner","Toilet Bowl Cleaner","HomeKind","brand_qm_homekind","household","cat_qm_household","cleaning_laundry_home","subcat_qm_cleaning_laundry_home","Household essential for laundry, dishes, floors, surfaces, air care or bathroom cleaning.","[]","[]","Cleaning agents, surfactants, builders, fragrance and functional ingredients","[""toilet bowl cleaner"",""cleaning"",""homekind toilet bowl cleaner""]","IN","{""storage"":""ambient"",""pack_size"":""500 ml""}","active","4.7","9659","{}"
"prd_qm_brightnest_bathroom_surface_cleaner","Bathroom Surface Cleaner","BrightNest","brand_qm_brightnest","household","cat_qm_household","cleaning_laundry_home","subcat_qm_cleaning_laundry_home","Household essential for laundry, dishes, floors, surfaces, air care or bathroom cleaning.","[]","[]","Cleaning agents, surfactants, builders, fragrance and functional ingredients","[""bathroom surface cleaner"",""cleaning"",""brightnest bathroom surface cleaner""]","IN","{""storage"":""ambient"",""pack_size"":""500 ml""}","active","4.1","9832","{}"
"prd_qm_cleanora_citrus_floor_disinfectant","Citrus Floor Disinfectant","Cleanora","brand_qm_cleanora","household","cat_qm_household","cleaning_laundry_home","subcat_qm_cleaning_laundry_home","Household essential for laundry, dishes, floors, surfaces, air care or bathroom cleaning.","[]","[]","Cleaning agents, surfactants, builders, fragrance and functional ingredients","[""citrus floor disinfectant"",""cleaning"",""cleanora citrus floor disinfectant""]","IN","{""storage"":""ambient"",""pack_size"":""500 ml""}","active","4.4","10005","{}"
"prd_qm_homekind_floral_floor_disinfectant","Floral Floor Disinfectant","HomeKind","brand_qm_homekind","household","cat_qm_household","cleaning_laundry_home","subcat_qm_cleaning_laundry_home","Household essential for laundry, dishes, floors, surfaces, air care or bathroom cleaning.","[]","[]","Cleaning agents, surfactants, builders, fragrance and functional ingredients","[""floral floor disinfectant"",""cleaning"",""homekind floral floor disinfectant""]","IN","{""storage"":""ambient"",""pack_size"":""500 ml""}","active","4.7","10178","{}"
"prd_qm_brightnest_glass_and_mirror_spray","Glass and Mirror Spray","BrightNest","brand_qm_brightnest","household","cat_qm_household","cleaning_laundry_home","subcat_qm_cleaning_laundry_home","Household essential for laundry, dishes, floors, surfaces, air care or bathroom cleaning.","[]","[]","Cleaning agents, surfactants, builders, fragrance and functional ingredients","[""glass and mirror spray"",""cleaning"",""brightnest glass and mirror spray""]","IN","{""storage"":""ambient"",""pack_size"":""500 ml""}","active","4.1","10351","{}"
"prd_qm_cleanora_kitchen_degreaser","Kitchen Degreaser","Cleanora","brand_qm_cleanora","household","cat_qm_household","cleaning_laundry_home","subcat_qm_cleaning_laundry_home","Household essential for laundry, dishes, floors, surfaces, air care or bathroom cleaning.","[]","[]","Cleaning agents, surfactants, builders, fragrance and functional ingredients","[""kitchen degreaser"",""cleaning"",""cleanora kitchen degreaser""]","IN","{""storage"":""ambient"",""pack_size"":""500 ml""}","active","4.4","10524","{}"
"prd_qm_homekind_stain_lift_powder","Stain Lift Powder","HomeKind","brand_qm_homekind","household","cat_qm_household","cleaning_laundry_home","subcat_qm_cleaning_laundry_home","Household essential for laundry, dishes, floors, surfaces, air care or bathroom cleaning.","[]","[]","Cleaning agents, surfactants, builders, fragrance and functional ingredients","[""stain lift powder"",""cleaning"",""homekind stain lift powder""]","IN","{""storage"":""ambient"",""pack_size"":""500 ml""}","active","4.7","10697","{}"
"prd_qm_brightnest_chlorine_bleach_liquid","Chlorine Bleach Liquid","BrightNest","brand_qm_brightnest","household","cat_qm_household","cleaning_laundry_home","subcat_qm_cleaning_laundry_home","Household essential for laundry, dishes, floors, surfaces, air care or bathroom cleaning.","[]","[]","Cleaning agents, surfactants, builders, fragrance and functional ingredients","[""chlorine bleach liquid"",""cleaning"",""brightnest chlorine bleach liquid""]","IN","{""storage"":""ambient"",""pack_size"":""500 ml""}","active","4.1","10870","{}"
"prd_qm_cleanora_drain_unblocker","Drain Unblocker","Cleanora","brand_qm_cleanora","household","cat_qm_household","cleaning_laundry_home","subcat_qm_cleaning_laundry_home","Household essential for laundry, dishes, floors, surfaces, air care or bathroom cleaning.","[]","[]","Cleaning agents, surfactants, builders, fragrance and functional ingredients","[""drain unblocker"",""cleaning"",""cleanora drain unblocker""]","IN","{""storage"":""ambient"",""pack_size"":""500 ml""}","active","4.4","11043","{}"
"prd_qm_homekind_room_freshener_linen","Room Freshener Linen","HomeKind","brand_qm_homekind","household","cat_qm_household","cleaning_laundry_home","subcat_qm_cleaning_laundry_home","Household essential for laundry, dishes, floors, surfaces, air care or bathroom cleaning.","[]","[]","Cleaning agents, surfactants, builders, fragrance and functional ingredients","[""room freshener linen"",""cleaning"",""homekind room freshener linen""]","IN","{""storage"":""ambient"",""pack_size"":""500 ml""}","active","4.7","11216","{}"
"prd_qm_brightnest_mosquito_repellent_refill","Mosquito Repellent Refill","BrightNest","brand_qm_brightnest","household","cat_qm_household","cleaning_laundry_home","subcat_qm_cleaning_laundry_home","Household essential for laundry, dishes, floors, surfaces, air care or bathroom cleaning.","[]","[]","Cleaning agents, surfactants, builders, fragrance and functional ingredients","[""mosquito repellent refill"",""cleaning"",""brightnest mosquito repellent refill""]","IN","{""storage"":""ambient"",""pack_size"":""500 ml""}","active","4.1","11389","{}"
"prd_qm_cleanora_flying_insect_spray","Flying Insect Spray","Cleanora","brand_qm_cleanora","household","cat_qm_household","cleaning_laundry_home","subcat_qm_cleaning_laundry_home","Household essential for laundry, dishes, floors, surfaces, air care or bathroom cleaning.","[]","[]","Cleaning agents, surfactants, builders, fragrance and functional ingredients","[""flying insect spray"",""cleaning"",""cleanora flying insect spray""]","IN","{""storage"":""ambient"",""pack_size"":""500 ml""}","active","4.4","11562","{}"
"prd_qm_homekind_cockroach_control_spray","Cockroach Control Spray","HomeKind","brand_qm_homekind","household","cat_qm_household","cleaning_laundry_home","subcat_qm_cleaning_laundry_home","Household essential for laundry, dishes, floors, surfaces, air care or bathroom cleaning.","[]","[]","Cleaning agents, surfactants, builders, fragrance and functional ingredients","[""cockroach control spray"",""cleaning"",""homekind cockroach control spray""]","IN","{""storage"":""ambient"",""pack_size"":""500 ml""}","active","4.7","11735","{}"
"prd_qm_brightnest_floor_wiper","Floor Wiper","BrightNest","brand_qm_brightnest","household","cat_qm_household","cleaning_laundry_home","subcat_qm_cleaning_laundry_home","Household essential for laundry, dishes, floors, surfaces, air care or bathroom cleaning.","[]","[]","Cleaning agents, surfactants, builders, fragrance and functional ingredients","[""floor wiper"",""cleaning"",""brightnest floor wiper""]","IN","{""storage"":""ambient"",""pack_size"":""500 ml""}","active","4.1","11908","{}"
"prd_qm_cleanora_microfiber_cleaning_cloth","Microfiber Cleaning Cloth","Cleanora","brand_qm_cleanora","household","cat_qm_household","cleaning_laundry_home","subcat_qm_cleaning_laundry_home","Household essential for laundry, dishes, floors, surfaces, air care or bathroom cleaning.","[]","[]","Cleaning agents, surfactants, builders, fragrance and functional ingredients","[""microfiber cleaning cloth"",""cleaning"",""cleanora microfiber cleaning cloth""]","IN","{""storage"":""ambient"",""pack_size"":""500 ml""}","active","4.4","12081","{}"
"prd_qm_homekind_heavy_duty_garbage_bags","Heavy Duty Garbage Bags","HomeKind","brand_qm_homekind","household","cat_qm_household","cleaning_laundry_home","subcat_qm_cleaning_laundry_home","Household essential for laundry, dishes, floors, surfaces, air care or bathroom cleaning.","[]","[]","Cleaning agents, surfactants, builders, fragrance and functional ingredients","[""heavy duty garbage bags"",""cleaning"",""homekind heavy duty garbage bags""]","IN","{""storage"":""ambient"",""pack_size"":""500 ml""}","active","4.7","12254","{}"
"prd_qm_brightnest_steel_scrub_pads","Steel Scrub Pads","BrightNest","brand_qm_brightnest","household","cat_qm_household","cleaning_laundry_home","subcat_qm_cleaning_laundry_home","Household essential for laundry, dishes, floors, surfaces, air care or bathroom cleaning.","[]","[]","Cleaning agents, surfactants, builders, fragrance and functional ingredients","[""steel scrub pads"",""cleaning"",""brightnest steel scrub pads""]","IN","{""storage"":""ambient"",""pack_size"":""500 ml""}","active","4.1","12427","{}"
"prd_qm_cleanora_foam_cleaning_sponge","Foam Cleaning Sponge","Cleanora","brand_qm_cleanora","household","cat_qm_household","cleaning_laundry_home","subcat_qm_cleaning_laundry_home","Household essential for laundry, dishes, floors, surfaces, air care or bathroom cleaning.","[]","[]","Cleaning agents, surfactants, builders, fragrance and functional ingredients","[""foam cleaning sponge"",""cleaning"",""cleanora foam cleaning sponge""]","IN","{""storage"":""ambient"",""pack_size"":""500 ml""}","active","4.4","12600","{}"
"prd_qm_homekind_shoe_cleaning_foam","Shoe Cleaning Foam","HomeKind","brand_qm_homekind","household","cat_qm_household","cleaning_laundry_home","subcat_qm_cleaning_laundry_home","Household essential for laundry, dishes, floors, surfaces, air care or bathroom cleaning.","[]","[]","Cleaning agents, surfactants, builders, fragrance and functional ingredients","[""shoe cleaning foam"",""cleaning"",""homekind shoe cleaning foam""]","IN","{""storage"":""ambient"",""pack_size"":""500 ml""}","active","4.7","12773","{}"
"prd_qm_brightnest_wood_surface_polish","Wood Surface Polish","BrightNest","brand_qm_brightnest","household","cat_qm_household","cleaning_laundry_home","subcat_qm_cleaning_laundry_home","Household essential for laundry, dishes, floors, surfaces, air care or bathroom cleaning.","[]","[]","Cleaning agents, surfactants, builders, fragrance and functional ingredients","[""wood surface polish"",""cleaning"",""brightnest wood surface polish""]","IN","{""storage"":""ambient"",""pack_size"":""500 ml""}","active","4.1","12946","{}"
"prd_qm_cleanora_car_dashboard_cleaner","Car Dashboard Cleaner","Cleanora","brand_qm_cleanora","household","cat_qm_household","cleaning_laundry_home","subcat_qm_cleaning_laundry_home","Household essential for laundry, dishes, floors, surfaces, air care or bathroom cleaning.","[]","[]","Cleaning agents, surfactants, builders, fragrance and functional ingredients","[""car dashboard cleaner"",""cleaning"",""cleanora car dashboard cleaner""]","IN","{""storage"":""ambient"",""pack_size"":""500 ml""}","active","4.4","319","{}"
"prd_qm_homekind_fabric_freshener","Fabric Freshener","HomeKind","brand_qm_homekind","household","cat_qm_household","cleaning_laundry_home","subcat_qm_cleaning_laundry_home","Household essential for laundry, dishes, floors, surfaces, air care or bathroom cleaning.","[]","[]","Cleaning agents, surfactants, builders, fragrance and functional ingredients","[""fabric freshener"",""cleaning"",""homekind fabric freshener""]","IN","{""storage"":""ambient"",""pack_size"":""500 ml""}","active","4.7","492","{}"
"prd_qm_brightnest_bathroom_scrub_powder","Bathroom Scrub Powder","BrightNest","brand_qm_brightnest","household","cat_qm_household","cleaning_laundry_home","subcat_qm_cleaning_laundry_home","Household essential for laundry, dishes, floors, surfaces, air care or bathroom cleaning.","[]","[]","Cleaning agents, surfactants, builders, fragrance and functional ingredients","[""bathroom scrub powder"",""cleaning"",""brightnest bathroom scrub powder""]","IN","{""storage"":""ambient"",""pack_size"":""500 ml""}","active","4.1","665","{}"
"prd_qm_carebloom_fluoride_toothpaste","Fluoride Toothpaste","CareBloom","brand_qm_carebloom","personal_care","cat_qm_personal_care","oral_bath_hair_skin","subcat_qm_oral_bath_hair_skin","Daily personal-care essential for oral hygiene, bathing, moisturising, hair care or freshening.","[]","[]","Water, cleansing agents, moisturising ingredients, fragrance and care actives","[""fluoride toothpaste"",""oral"",""carebloom fluoride toothpaste""]","IN","{""storage"":""ambient"",""pack_size"":""200 ml""}","active","4.4","838","{}"
"prd_qm_everyday_aura_fresh_mint_gel","Fresh Mint Gel","Everyday Aura","brand_qm_everyday_aura","personal_care","cat_qm_personal_care","oral_bath_hair_skin","subcat_qm_oral_bath_hair_skin","Daily personal-care essential for oral hygiene, bathing, moisturising, hair care or freshening.","[]","[]","Water, cleansing agents, moisturising ingredients, fragrance and care actives","[""fresh mint gel"",""oral"",""everyday aura fresh mint gel""]","IN","{""storage"":""ambient"",""pack_size"":""200 ml""}","active","4.7","1011","{}"
"prd_qm_softroot_sensitive_teeth_paste","Sensitive Teeth Paste","SoftRoot","brand_qm_softroot","personal_care","cat_qm_personal_care","oral_bath_hair_skin","subcat_qm_oral_bath_hair_skin","Daily personal-care essential for oral hygiene, bathing, moisturising, hair care or freshening.","[]","[]","Water, cleansing agents, moisturising ingredients, fragrance and care actives","[""sensitive teeth paste"",""oral"",""softroot sensitive teeth paste""]","IN","{""storage"":""ambient"",""pack_size"":""200 ml""}","active","4.1","1184","{}"
"prd_qm_carebloom_herbal_neem_paste","Herbal Neem Paste","CareBloom","brand_qm_carebloom","personal_care","cat_qm_personal_care","oral_bath_hair_skin","subcat_qm_oral_bath_hair_skin","Daily personal-care essential for oral hygiene, bathing, moisturising, hair care or freshening.","[]","[]","Water, cleansing agents, moisturising ingredients, fragrance and care actives","[""herbal neem paste"",""oral"",""carebloom herbal neem paste""]","IN","{""storage"":""ambient"",""pack_size"":""200 ml""}","active","4.4","1357","{}"
"prd_qm_everyday_aura_kids_fruit_toothpaste","Kids Fruit Toothpaste","Everyday Aura","brand_qm_everyday_aura","personal_care","cat_qm_personal_care","oral_bath_hair_skin","subcat_qm_oral_bath_hair_skin","Daily personal-care essential for oral hygiene, bathing, moisturising, hair care or freshening.","[]","[]","Water, cleansing agents, moisturising ingredients, fragrance and care actives","[""kids fruit toothpaste"",""oral"",""everyday aura kids fruit toothpaste""]","IN","{""storage"":""ambient"",""pack_size"":""200 ml""}","active","4.7","1530","{}"
"prd_qm_softroot_whitening_toothpaste","Whitening Toothpaste","SoftRoot","brand_qm_softroot","personal_care","cat_qm_personal_care","oral_bath_hair_skin","subcat_qm_oral_bath_hair_skin","Daily personal-care essential for oral hygiene, bathing, moisturising, hair care or freshening.","[]","[]","Water, cleansing agents, moisturising ingredients, fragrance and care actives","[""whitening toothpaste"",""oral"",""softroot whitening toothpaste""]","IN","{""storage"":""ambient"",""pack_size"":""200 ml""}","active","4.1","1703","{}"
"prd_qm_carebloom_mild_mouthwash","Mild Mouthwash","CareBloom","brand_qm_carebloom","personal_care","cat_qm_personal_care","oral_bath_hair_skin","subcat_qm_oral_bath_hair_skin","Daily personal-care essential for oral hygiene, bathing, moisturising, hair care or freshening.","[]","[]","Water, cleansing agents, moisturising ingredients, fragrance and care actives","[""mild mouthwash"",""oral"",""carebloom mild mouthwash""]","IN","{""storage"":""ambient"",""pack_size"":""200 ml""}","active","4.4","1876","{}"
"prd_qm_everyday_aura_cool_mint_mouthwash","Cool Mint Mouthwash","Everyday Aura","brand_qm_everyday_aura","personal_care","cat_qm_personal_care","oral_bath_hair_skin","subcat_qm_oral_bath_hair_skin","Daily personal-care essential for oral hygiene, bathing, moisturising, hair care or freshening.","[]","[]","Water, cleansing agents, moisturising ingredients, fragrance and care actives","[""cool mint mouthwash"",""oral"",""everyday aura cool mint mouthwash""]","IN","{""storage"":""ambient"",""pack_size"":""200 ml""}","active","4.7","2049","{}"
"prd_qm_softroot_soft_bristle_brush","Soft Bristle Brush","SoftRoot","brand_qm_softroot","personal_care","cat_qm_personal_care","oral_bath_hair_skin","subcat_qm_oral_bath_hair_skin","Daily personal-care essential for oral hygiene, bathing, moisturising, hair care or freshening.","[]","[]","Water, cleansing agents, moisturising ingredients, fragrance and care actives","[""soft bristle brush"",""oral"",""softroot soft bristle brush""]","IN","{""storage"":""ambient"",""pack_size"":""200 ml""}","active","4.1","2222","{}"
"prd_qm_carebloom_medium_bristle_brush","Medium Bristle Brush","CareBloom","brand_qm_carebloom","personal_care","cat_qm_personal_care","oral_bath_hair_skin","subcat_qm_oral_bath_hair_skin","Daily personal-care essential for oral hygiene, bathing, moisturising, hair care or freshening.","[]","[]","Water, cleansing agents, moisturising ingredients, fragrance and care actives","[""medium bristle brush"",""oral"",""carebloom medium bristle brush""]","IN","{""storage"":""ambient"",""pack_size"":""200 ml""}","active","4.4","2395","{}"
"prd_qm_everyday_aura_tongue_cleaner","Tongue Cleaner","Everyday Aura","brand_qm_everyday_aura","personal_care","cat_qm_personal_care","oral_bath_hair_skin","subcat_qm_oral_bath_hair_skin","Daily personal-care essential for oral hygiene, bathing, moisturising, hair care or freshening.","[]","[]","Water, cleansing agents, moisturising ingredients, fragrance and care actives","[""tongue cleaner"",""oral"",""everyday aura tongue cleaner""]","IN","{""storage"":""ambient"",""pack_size"":""200 ml""}","active","4.7","2568","{}"
"prd_qm_softroot_dental_floss","Dental Floss","SoftRoot","brand_qm_softroot","personal_care","cat_qm_personal_care","oral_bath_hair_skin","subcat_qm_oral_bath_hair_skin","Daily personal-care essential for oral hygiene, bathing, moisturising, hair care or freshening.","[]","[]","Water, cleansing agents, moisturising ingredients, fragrance and care actives","[""dental floss"",""oral"",""softroot dental floss""]","IN","{""storage"":""ambient"",""pack_size"":""200 ml""}","active","4.1","2741","{}"
"prd_qm_carebloom_moisture_bath_bar","Moisture Bath Bar","CareBloom","brand_qm_carebloom","personal_care","cat_qm_personal_care","oral_bath_hair_skin","subcat_qm_oral_bath_hair_skin","Daily personal-care essential for oral hygiene, bathing, moisturising, hair care or freshening.","[]","[]","Water, cleansing agents, moisturising ingredients, fragrance and care actives","[""moisture bath bar"",""oral"",""carebloom moisture bath bar""]","IN","{""storage"":""ambient"",""pack_size"":""200 ml""}","active","4.4","2914","{}"
"prd_qm_everyday_aura_gentle_body_wash","Gentle Body Wash","Everyday Aura","brand_qm_everyday_aura","personal_care","cat_qm_personal_care","oral_bath_hair_skin","subcat_qm_oral_bath_hair_skin","Daily personal-care essential for oral hygiene, bathing, moisturising, hair care or freshening.","[]","[]","Water, cleansing agents, moisturising ingredients, fragrance and care actives","[""gentle body wash"",""oral"",""everyday aura gentle body wash""]","IN","{""storage"":""ambient"",""pack_size"":""200 ml""}","active","4.7","3087","{}"
"prd_qm_softroot_citrus_hand_wash","Citrus Hand Wash","SoftRoot","brand_qm_softroot","personal_care","cat_qm_personal_care","oral_bath_hair_skin","subcat_qm_oral_bath_hair_skin","Daily personal-care essential for oral hygiene, bathing, moisturising, hair care or freshening.","[]","[]","Water, cleansing agents, moisturising ingredients, fragrance and care actives","[""citrus hand wash"",""oral"",""softroot citrus hand wash""]","IN","{""storage"":""ambient"",""pack_size"":""200 ml""}","active","4.1","3260","{}"
"prd_qm_carebloom_daily_body_lotion","Daily Body Lotion","CareBloom","brand_qm_carebloom","personal_care","cat_qm_personal_care","oral_bath_hair_skin","subcat_qm_oral_bath_hair_skin","Daily personal-care essential for oral hygiene, bathing, moisturising, hair care or freshening.","[]","[]","Water, cleansing agents, moisturising ingredients, fragrance and care actives","[""daily body lotion"",""oral"",""carebloom daily body lotion""]","IN","{""storage"":""ambient"",""pack_size"":""200 ml""}","active","4.4","3433","{}"
"prd_qm_everyday_aura_shea_body_cream","Shea Body Cream","Everyday Aura","brand_qm_everyday_aura","personal_care","cat_qm_personal_care","oral_bath_hair_skin","subcat_qm_oral_bath_hair_skin","Daily personal-care essential for oral hygiene, bathing, moisturising, hair care or freshening.","[]","[]","Water, cleansing agents, moisturising ingredients, fragrance and care actives","[""shea body cream"",""oral"",""everyday aura shea body cream""]","IN","{""storage"":""ambient"",""pack_size"":""200 ml""}","active","4.7","3606","{}"
"prd_qm_softroot_lip_balm_mint","Lip Balm Mint","SoftRoot","brand_qm_softroot","personal_care","cat_qm_personal_care","oral_bath_hair_skin","subcat_qm_oral_bath_hair_skin","Daily personal-care essential for oral hygiene, bathing, moisturising, hair care or freshening.","[]","[]","Water, cleansing agents, moisturising ingredients, fragrance and care actives","[""lip balm mint"",""oral"",""softroot lip balm mint""]","IN","{""storage"":""ambient"",""pack_size"":""200 ml""}","active","4.1","3779","{}"
"prd_qm_carebloom_face_wash_foaming","Face Wash Foaming","CareBloom","brand_qm_carebloom","personal_care","cat_qm_personal_care","oral_bath_hair_skin","subcat_qm_oral_bath_hair_skin","Daily personal-care essential for oral hygiene, bathing, moisturising, hair care or freshening.","[]","[]","Water, cleansing agents, moisturising ingredients, fragrance and care actives","[""face wash foaming"",""oral"",""carebloom face wash foaming""]","IN","{""storage"":""ambient"",""pack_size"":""200 ml""}","active","4.4","3952","{}"
"prd_qm_everyday_aura_neem_face_wash","Neem Face Wash","Everyday Aura","brand_qm_everyday_aura","personal_care","cat_qm_personal_care","oral_bath_hair_skin","subcat_qm_oral_bath_hair_skin","Daily personal-care essential for oral hygiene, bathing, moisturising, hair care or freshening.","[]","[]","Water, cleansing agents, moisturising ingredients, fragrance and care actives","[""neem face wash"",""oral"",""everyday aura neem face wash""]","IN","{""storage"":""ambient"",""pack_size"":""200 ml""}","active","4.7","4125","{}"
"prd_qm_softroot_sun_protection_lotion","Sun Protection Lotion","SoftRoot","brand_qm_softroot","personal_care","cat_qm_personal_care","oral_bath_hair_skin","subcat_qm_oral_bath_hair_skin","Daily personal-care essential for oral hygiene, bathing, moisturising, hair care or freshening.","[]","[]","Water, cleansing agents, moisturising ingredients, fragrance and care actives","[""sun protection lotion"",""oral"",""softroot sun protection lotion""]","IN","{""storage"":""ambient"",""pack_size"":""200 ml""}","active","4.1","4298","{}"
"prd_qm_carebloom_anti_dandruff_shampoo","Anti Dandruff Shampoo","CareBloom","brand_qm_carebloom","personal_care","cat_qm_personal_care","oral_bath_hair_skin","subcat_qm_oral_bath_hair_skin","Daily personal-care essential for oral hygiene, bathing, moisturising, hair care or freshening.","[]","[]","Water, cleansing agents, moisturising ingredients, fragrance and care actives","[""anti dandruff shampoo"",""oral"",""carebloom anti dandruff shampoo""]","IN","{""storage"":""ambient"",""pack_size"":""200 ml""}","active","4.4","4471","{}"
"prd_qm_everyday_aura_daily_clean_shampoo","Daily Clean Shampoo","Everyday Aura","brand_qm_everyday_aura","personal_care","cat_qm_personal_care","oral_bath_hair_skin","subcat_qm_oral_bath_hair_skin","Daily personal-care essential for oral hygiene, bathing, moisturising, hair care or freshening.","[]","[]","Water, cleansing agents, moisturising ingredients, fragrance and care actives","[""daily clean shampoo"",""oral"",""everyday aura daily clean shampoo""]","IN","{""storage"":""ambient"",""pack_size"":""200 ml""}","active","4.7","4644","{}"
"prd_qm_softroot_smooth_hair_shampoo","Smooth Hair Shampoo","SoftRoot","brand_qm_softroot","personal_care","cat_qm_personal_care","oral_bath_hair_skin","subcat_qm_oral_bath_hair_skin","Daily personal-care essential for oral hygiene, bathing, moisturising, hair care or freshening.","[]","[]","Water, cleansing agents, moisturising ingredients, fragrance and care actives","[""smooth hair shampoo"",""oral"",""softroot smooth hair shampoo""]","IN","{""storage"":""ambient"",""pack_size"":""200 ml""}","active","4.1","4817","{}"
"prd_qm_carebloom_repair_conditioner","Repair Conditioner","CareBloom","brand_qm_carebloom","personal_care","cat_qm_personal_care","oral_bath_hair_skin","subcat_qm_oral_bath_hair_skin","Daily personal-care essential for oral hygiene, bathing, moisturising, hair care or freshening.","[]","[]","Water, cleansing agents, moisturising ingredients, fragrance and care actives","[""repair conditioner"",""oral"",""carebloom repair conditioner""]","IN","{""storage"":""ambient"",""pack_size"":""200 ml""}","active","4.4","4990","{}"
"prd_qm_everyday_aura_coconut_hair_oil","Coconut Hair Oil","Everyday Aura","brand_qm_everyday_aura","personal_care","cat_qm_personal_care","oral_bath_hair_skin","subcat_qm_oral_bath_hair_skin","Daily personal-care essential for oral hygiene, bathing, moisturising, hair care or freshening.","[]","[]","Water, cleansing agents, moisturising ingredients, fragrance and care actives","[""coconut hair oil"",""oral"",""everyday aura coconut hair oil""]","IN","{""storage"":""ambient"",""pack_size"":""200 ml""}","active","4.7","5163","{}"
"prd_qm_softroot_almond_hair_oil","Almond Hair Oil","SoftRoot","brand_qm_softroot","personal_care","cat_qm_personal_care","oral_bath_hair_skin","subcat_qm_oral_bath_hair_skin","Daily personal-care essential for oral hygiene, bathing, moisturising, hair care or freshening.","[]","[]","Water, cleansing agents, moisturising ingredients, fragrance and care actives","[""almond hair oil"",""oral"",""softroot almond hair oil""]","IN","{""storage"":""ambient"",""pack_size"":""200 ml""}","active","4.1","5336","{}"
"prd_qm_carebloom_styling_hair_gel","Styling Hair Gel","CareBloom","brand_qm_carebloom","personal_care","cat_qm_personal_care","oral_bath_hair_skin","subcat_qm_oral_bath_hair_skin","Daily personal-care essential for oral hygiene, bathing, moisturising, hair care or freshening.","[]","[]","Water, cleansing agents, moisturising ingredients, fragrance and care actives","[""styling hair gel"",""oral"",""carebloom styling hair gel""]","IN","{""storage"":""ambient"",""pack_size"":""200 ml""}","active","4.4","5509","{}"
"prd_qm_everyday_aura_roll_on_deodorant","Roll On Deodorant","Everyday Aura","brand_qm_everyday_aura","personal_care","cat_qm_personal_care","oral_bath_hair_skin","subcat_qm_oral_bath_hair_skin","Daily personal-care essential for oral hygiene, bathing, moisturising, hair care or freshening.","[]","[]","Water, cleansing agents, moisturising ingredients, fragrance and care actives","[""roll on deodorant"",""oral"",""everyday aura roll on deodorant""]","IN","{""storage"":""ambient"",""pack_size"":""200 ml""}","active","4.7","5682","{}"
"prd_qm_softroot_fresh_spray_deodorant","Fresh Spray Deodorant","SoftRoot","brand_qm_softroot","personal_care","cat_qm_personal_care","oral_bath_hair_skin","subcat_qm_oral_bath_hair_skin","Daily personal-care essential for oral hygiene, bathing, moisturising, hair care or freshening.","[]","[]","Water, cleansing agents, moisturising ingredients, fragrance and care actives","[""fresh spray deodorant"",""oral"",""softroot fresh spray deodorant""]","IN","{""storage"":""ambient"",""pack_size"":""200 ml""}","active","4.1","5855","{}"
"prd_qm_harvesthill_whole_wheat_flour","Whole Wheat Flour","HarvestHill","brand_qm_harvesthill","pantry_staples","cat_qm_pantry_staples","grains_pulses_oils_condiments","subcat_qm_grains_pulses_oils_condiments","Pantry staple for everyday Indian cooking, baking, seasoning and family meals.","[""vegetarian"",""vegan""]","[""peanuts""]","Grains, rice, pulses, edible oil, spices, salt, sugar or condiments","[""whole wheat flour"",""grains"",""harvesthill whole wheat flour""]","IN","{""storage"":""ambient"",""pack_size"":""1 kg""}","active","4.4","6028","{""energy"":340,""protein"":12,""total_sugar"":3,""added_sugar"":0,""total_fat"":4,""fiber"":9}"
"prd_qm_kitchenleaf_multigrain_flour","Multigrain Flour","KitchenLeaf","brand_qm_kitchenleaf","pantry_staples","cat_qm_pantry_staples","grains_pulses_oils_condiments","subcat_qm_grains_pulses_oils_condiments","Pantry staple for everyday Indian cooking, baking, seasoning and family meals.","[""vegetarian"",""vegan""]","[""peanuts""]","Grains, rice, pulses, edible oil, spices, salt, sugar or condiments","[""multigrain flour"",""grains"",""kitchenleaf multigrain flour""]","IN","{""storage"":""ambient"",""pack_size"":""1 kg""}","active","4.7","6201","{""energy"":340,""protein"":12,""total_sugar"":3,""added_sugar"":0,""total_fat"":4,""fiber"":9}"
"prd_qm_graincraft_long_grain_rice","Long Grain Rice","GrainCraft","brand_qm_graincraft","pantry_staples","cat_qm_pantry_staples","grains_pulses_oils_condiments","subcat_qm_grains_pulses_oils_condiments","Pantry staple for everyday Indian cooking, baking, seasoning and family meals.","[""vegetarian"",""vegan""]","[""peanuts""]","Grains, rice, pulses, edible oil, spices, salt, sugar or condiments","[""long grain rice"",""grains"",""graincraft long grain rice""]","IN","{""storage"":""ambient"",""pack_size"":""1 kg""}","active","4.1","6374","{""energy"":340,""protein"":12,""total_sugar"":3,""added_sugar"":0,""total_fat"":4,""fiber"":9}"
"prd_qm_harvesthill_aromatic_basmati_rice","Aromatic Basmati Rice","HarvestHill","brand_qm_harvesthill","pantry_staples","cat_qm_pantry_staples","grains_pulses_oils_condiments","subcat_qm_grains_pulses_oils_condiments","Pantry staple for everyday Indian cooking, baking, seasoning and family meals.","[""vegetarian"",""vegan""]","[""peanuts""]","Grains, rice, pulses, edible oil, spices, salt, sugar or condiments","[""aromatic basmati rice"",""grains"",""harvesthill aromatic basmati rice""]","IN","{""storage"":""ambient"",""pack_size"":""1 kg""}","active","4.4","6547","{""energy"":340,""protein"":12,""total_sugar"":3,""added_sugar"":0,""total_fat"":4,""fiber"":9}"
"prd_qm_kitchenleaf_sona_masoori_rice","Sona Masoori Rice","KitchenLeaf","brand_qm_kitchenleaf","pantry_staples","cat_qm_pantry_staples","grains_pulses_oils_condiments","subcat_qm_grains_pulses_oils_condiments","Pantry staple for everyday Indian cooking, baking, seasoning and family meals.","[""vegetarian"",""vegan""]","[""peanuts""]","Grains, rice, pulses, edible oil, spices, salt, sugar or condiments","[""sona masoori rice"",""grains"",""kitchenleaf sona masoori rice""]","IN","{""storage"":""ambient"",""pack_size"":""1 kg""}","active","4.7","6720","{""energy"":340,""protein"":12,""total_sugar"":3,""added_sugar"":0,""total_fat"":4,""fiber"":9}"
"prd_qm_graincraft_brown_rice","Brown Rice","GrainCraft","brand_qm_graincraft","pantry_staples","cat_qm_pantry_staples","grains_pulses_oils_condiments","subcat_qm_grains_pulses_oils_condiments","Pantry staple for everyday Indian cooking, baking, seasoning and family meals.","[""vegetarian"",""vegan""]","[""peanuts""]","Grains, rice, pulses, edible oil, spices, salt, sugar or condiments","[""brown rice"",""grains"",""graincraft brown rice""]","IN","{""storage"":""ambient"",""pack_size"":""1 kg""}","active","4.1","6893","{""energy"":340,""protein"":12,""total_sugar"":3,""added_sugar"":0,""total_fat"":4,""fiber"":9}"
"prd_qm_harvesthill_toor_dal","Toor Dal","HarvestHill","brand_qm_harvesthill","pantry_staples","cat_qm_pantry_staples","grains_pulses_oils_condiments","subcat_qm_grains_pulses_oils_condiments","Pantry staple for everyday Indian cooking, baking, seasoning and family meals.","[""vegetarian"",""vegan""]","[""peanuts""]","Grains, rice, pulses, edible oil, spices, salt, sugar or condiments","[""toor dal"",""grains"",""harvesthill toor dal""]","IN","{""storage"":""ambient"",""pack_size"":""1 kg""}","active","4.4","7066","{""energy"":340,""protein"":12,""total_sugar"":3,""added_sugar"":0,""total_fat"":4,""fiber"":9}"
"prd_qm_kitchenleaf_split_moong_dal","Split Moong Dal","KitchenLeaf","brand_qm_kitchenleaf","pantry_staples","cat_qm_pantry_staples","grains_pulses_oils_condiments","subcat_qm_grains_pulses_oils_condiments","Pantry staple for everyday Indian cooking, baking, seasoning and family meals.","[""vegetarian"",""vegan""]","[""peanuts""]","Grains, rice, pulses, edible oil, spices, salt, sugar or condiments","[""split moong dal"",""grains"",""kitchenleaf split moong dal""]","IN","{""storage"":""ambient"",""pack_size"":""1 kg""}","active","4.7","7239","{""energy"":340,""protein"":12,""total_sugar"":3,""added_sugar"":0,""total_fat"":4,""fiber"":9}"
"prd_qm_graincraft_red_lentils","Red Lentils","GrainCraft","brand_qm_graincraft","pantry_staples","cat_qm_pantry_staples","grains_pulses_oils_condiments","subcat_qm_grains_pulses_oils_condiments","Pantry staple for everyday Indian cooking, baking, seasoning and family meals.","[""vegetarian"",""vegan""]","[""peanuts""]","Grains, rice, pulses, edible oil, spices, salt, sugar or condiments","[""red lentils"",""grains"",""graincraft red lentils""]","IN","{""storage"":""ambient"",""pack_size"":""1 kg""}","active","4.1","7412","{""energy"":340,""protein"":12,""total_sugar"":3,""added_sugar"":0,""total_fat"":4,""fiber"":9}"
"prd_qm_harvesthill_chana_dal","Chana Dal","HarvestHill","brand_qm_harvesthill","pantry_staples","cat_qm_pantry_staples","grains_pulses_oils_condiments","subcat_qm_grains_pulses_oils_condiments","Pantry staple for everyday Indian cooking, baking, seasoning and family meals.","[""vegetarian"",""vegan""]","[""peanuts""]","Grains, rice, pulses, edible oil, spices, salt, sugar or condiments","[""chana dal"",""grains"",""harvesthill chana dal""]","IN","{""storage"":""ambient"",""pack_size"":""1 kg""}","active","4.4","7585","{""energy"":340,""protein"":12,""total_sugar"":3,""added_sugar"":0,""total_fat"":4,""fiber"":9}"
"prd_qm_kitchenleaf_kidney_beans","Kidney Beans","KitchenLeaf","brand_qm_kitchenleaf","pantry_staples","cat_qm_pantry_staples","grains_pulses_oils_condiments","subcat_qm_grains_pulses_oils_condiments","Pantry staple for everyday Indian cooking, baking, seasoning and family meals.","[""vegetarian"",""vegan""]","[""peanuts""]","Grains, rice, pulses, edible oil, spices, salt, sugar or condiments","[""kidney beans"",""grains"",""kitchenleaf kidney beans""]","IN","{""storage"":""ambient"",""pack_size"":""1 kg""}","active","4.7","7758","{""energy"":340,""protein"":12,""total_sugar"":3,""added_sugar"":0,""total_fat"":4,""fiber"":9}"
"prd_qm_graincraft_kabuli_chickpeas","Kabuli Chickpeas","GrainCraft","brand_qm_graincraft","pantry_staples","cat_qm_pantry_staples","grains_pulses_oils_condiments","subcat_qm_grains_pulses_oils_condiments","Pantry staple for everyday Indian cooking, baking, seasoning and family meals.","[""vegetarian"",""vegan""]","[""peanuts""]","Grains, rice, pulses, edible oil, spices, salt, sugar or condiments","[""kabuli chickpeas"",""grains"",""graincraft kabuli chickpeas""]","IN","{""storage"":""ambient"",""pack_size"":""1 kg""}","active","4.1","7931","{""energy"":340,""protein"":12,""total_sugar"":3,""added_sugar"":0,""total_fat"":4,""fiber"":9}"
"prd_qm_harvesthill_thick_poha","Thick Poha","HarvestHill","brand_qm_harvesthill","pantry_staples","cat_qm_pantry_staples","grains_pulses_oils_condiments","subcat_qm_grains_pulses_oils_condiments","Pantry staple for everyday Indian cooking, baking, seasoning and family meals.","[""vegetarian"",""vegan""]","[""peanuts""]","Grains, rice, pulses, edible oil, spices, salt, sugar or condiments","[""thick poha"",""grains"",""harvesthill thick poha""]","IN","{""storage"":""ambient"",""pack_size"":""1 kg""}","active","4.4","8104","{""energy"":340,""protein"":12,""total_sugar"":3,""added_sugar"":0,""total_fat"":4,""fiber"":9}"
"prd_qm_kitchenleaf_semolina_rava","Semolina Rava","KitchenLeaf","brand_qm_kitchenleaf","pantry_staples","cat_qm_pantry_staples","grains_pulses_oils_condiments","subcat_qm_grains_pulses_oils_condiments","Pantry staple for everyday Indian cooking, baking, seasoning and family meals.","[""vegetarian"",""vegan""]","[""peanuts""]","Grains, rice, pulses, edible oil, spices, salt, sugar or condiments","[""semolina rava"",""grains"",""kitchenleaf semolina rava""]","IN","{""storage"":""ambient"",""pack_size"":""1 kg""}","active","4.7","8277","{""energy"":340,""protein"":12,""total_sugar"":3,""added_sugar"":0,""total_fat"":4,""fiber"":9}"
"prd_qm_graincraft_gram_flour","Gram Flour","GrainCraft","brand_qm_graincraft","pantry_staples","cat_qm_pantry_staples","grains_pulses_oils_condiments","subcat_qm_grains_pulses_oils_condiments","Pantry staple for everyday Indian cooking, baking, seasoning and family meals.","[""vegetarian"",""vegan""]","[""peanuts""]","Grains, rice, pulses, edible oil, spices, salt, sugar or condiments","[""gram flour"",""grains"",""graincraft gram flour""]","IN","{""storage"":""ambient"",""pack_size"":""1 kg""}","active","4.1","8450","{""energy"":340,""protein"":12,""total_sugar"":3,""added_sugar"":0,""total_fat"":4,""fiber"":9}"
"prd_qm_harvesthill_finger_millet_flour","Finger Millet Flour","HarvestHill","brand_qm_harvesthill","pantry_staples","cat_qm_pantry_staples","grains_pulses_oils_condiments","subcat_qm_grains_pulses_oils_condiments","Pantry staple for everyday Indian cooking, baking, seasoning and family meals.","[""vegetarian"",""vegan""]","[""peanuts""]","Grains, rice, pulses, edible oil, spices, salt, sugar or condiments","[""finger millet flour"",""grains"",""harvesthill finger millet flour""]","IN","{""storage"":""ambient"",""pack_size"":""1 kg""}","active","4.4","8623","{""energy"":340,""protein"":12,""total_sugar"":3,""added_sugar"":0,""total_fat"":4,""fiber"":9}"
"prd_qm_kitchenleaf_pearl_millet_flour","Pearl Millet Flour","KitchenLeaf","brand_qm_kitchenleaf","pantry_staples","cat_qm_pantry_staples","grains_pulses_oils_condiments","subcat_qm_grains_pulses_oils_condiments","Pantry staple for everyday Indian cooking, baking, seasoning and family meals.","[""vegetarian"",""vegan""]","[""peanuts""]","Grains, rice, pulses, edible oil, spices, salt, sugar or condiments","[""pearl millet flour"",""grains"",""kitchenleaf pearl millet flour""]","IN","{""storage"":""ambient"",""pack_size"":""1 kg""}","active","4.7","8796","{""energy"":340,""protein"":12,""total_sugar"":3,""added_sugar"":0,""total_fat"":4,""fiber"":9}"
"prd_qm_graincraft_sorghum_flour","Sorghum Flour","GrainCraft","brand_qm_graincraft","pantry_staples","cat_qm_pantry_staples","grains_pulses_oils_condiments","subcat_qm_grains_pulses_oils_condiments","Pantry staple for everyday Indian cooking, baking, seasoning and family meals.","[""vegetarian"",""vegan""]","[""peanuts""]","Grains, rice, pulses, edible oil, spices, salt, sugar or condiments","[""sorghum flour"",""grains"",""graincraft sorghum flour""]","IN","{""storage"":""ambient"",""pack_size"":""1 kg""}","active","4.1","8969","{""energy"":340,""protein"":12,""total_sugar"":3,""added_sugar"":0,""total_fat"":4,""fiber"":9}"
"prd_qm_harvesthill_broken_wheat","Broken Wheat","HarvestHill","brand_qm_harvesthill","pantry_staples","cat_qm_pantry_staples","grains_pulses_oils_condiments","subcat_qm_grains_pulses_oils_condiments","Pantry staple for everyday Indian cooking, baking, seasoning and family meals.","[""vegetarian"",""vegan""]","[""peanuts""]","Grains, rice, pulses, edible oil, spices, salt, sugar or condiments","[""broken wheat"",""grains"",""harvesthill broken wheat""]","IN","{""storage"":""ambient"",""pack_size"":""1 kg""}","active","4.4","9142","{""energy"":340,""protein"":12,""total_sugar"":3,""added_sugar"":0,""total_fat"":4,""fiber"":9}"
"prd_qm_kitchenleaf_quinoa_grain","Quinoa Grain","KitchenLeaf","brand_qm_kitchenleaf","pantry_staples","cat_qm_pantry_staples","grains_pulses_oils_condiments","subcat_qm_grains_pulses_oils_condiments","Pantry staple for everyday Indian cooking, baking, seasoning and family meals.","[""vegetarian"",""vegan""]","[""peanuts""]","Grains, rice, pulses, edible oil, spices, salt, sugar or condiments","[""quinoa grain"",""grains"",""kitchenleaf quinoa grain""]","IN","{""storage"":""ambient"",""pack_size"":""1 kg""}","active","4.7","9315","{""energy"":340,""protein"":12,""total_sugar"":3,""added_sugar"":0,""total_fat"":4,""fiber"":9}"
"prd_qm_graincraft_sunflower_cooking_oil","Sunflower Cooking Oil","GrainCraft","brand_qm_graincraft","pantry_staples","cat_qm_pantry_staples","grains_pulses_oils_condiments","subcat_qm_grains_pulses_oils_condiments","Pantry staple for everyday Indian cooking, baking, seasoning and family meals.","[""vegetarian"",""vegan""]","[""peanuts""]","Grains, rice, pulses, edible oil, spices, salt, sugar or condiments","[""sunflower cooking oil"",""grains"",""graincraft sunflower cooking oil""]","IN","{""storage"":""ambient"",""pack_size"":""1 kg""}","active","4.1","9488","{""energy"":340,""protein"":12,""total_sugar"":3,""added_sugar"":0,""total_fat"":4,""fiber"":9}"
"prd_qm_harvesthill_mustard_cooking_oil","Mustard Cooking Oil","HarvestHill","brand_qm_harvesthill","pantry_staples","cat_qm_pantry_staples","grains_pulses_oils_condiments","subcat_qm_grains_pulses_oils_condiments","Pantry staple for everyday Indian cooking, baking, seasoning and family meals.","[""vegetarian"",""vegan""]","[""peanuts""]","Grains, rice, pulses, edible oil, spices, salt, sugar or condiments","[""mustard cooking oil"",""grains"",""harvesthill mustard cooking oil""]","IN","{""storage"":""ambient"",""pack_size"":""1 kg""}","active","4.4","9661","{""energy"":340,""protein"":12,""total_sugar"":3,""added_sugar"":0,""total_fat"":4,""fiber"":9}"
"prd_qm_kitchenleaf_groundnut_cooking_oil","Groundnut Cooking Oil","KitchenLeaf","brand_qm_kitchenleaf","pantry_staples","cat_qm_pantry_staples","grains_pulses_oils_condiments","subcat_qm_grains_pulses_oils_condiments","Pantry staple for everyday Indian cooking, baking, seasoning and family meals.","[""vegetarian"",""vegan""]","[""peanuts""]","Grains, rice, pulses, edible oil, spices, salt, sugar or condiments","[""groundnut cooking oil"",""grains"",""kitchenleaf groundnut cooking oil""]","IN","{""storage"":""ambient"",""pack_size"":""1 kg""}","active","4.7","9834","{""energy"":340,""protein"":12,""total_sugar"":3,""added_sugar"":0,""total_fat"":4,""fiber"":9}"
"prd_qm_graincraft_rice_bran_oil","Rice Bran Oil","GrainCraft","brand_qm_graincraft","pantry_staples","cat_qm_pantry_staples","grains_pulses_oils_condiments","subcat_qm_grains_pulses_oils_condiments","Pantry staple for everyday Indian cooking, baking, seasoning and family meals.","[""vegetarian"",""vegan""]","[""peanuts""]","Grains, rice, pulses, edible oil, spices, salt, sugar or condiments","[""rice bran oil"",""grains"",""graincraft rice bran oil""]","IN","{""storage"":""ambient"",""pack_size"":""1 kg""}","active","4.1","10007","{""energy"":340,""protein"":12,""total_sugar"":3,""added_sugar"":0,""total_fat"":4,""fiber"":9}"
"prd_qm_harvesthill_iodised_table_salt","Iodised Table Salt","HarvestHill","brand_qm_harvesthill","pantry_staples","cat_qm_pantry_staples","grains_pulses_oils_condiments","subcat_qm_grains_pulses_oils_condiments","Pantry staple for everyday Indian cooking, baking, seasoning and family meals.","[""vegetarian"",""vegan""]","[""peanuts""]","Grains, rice, pulses, edible oil, spices, salt, sugar or condiments","[""iodised table salt"",""grains"",""harvesthill iodised table salt""]","IN","{""storage"":""ambient"",""pack_size"":""1 kg""}","active","4.4","10180","{""energy"":340,""protein"":12,""total_sugar"":3,""added_sugar"":0,""total_fat"":4,""fiber"":9}"
"prd_qm_kitchenleaf_cane_sugar","Cane Sugar","KitchenLeaf","brand_qm_kitchenleaf","pantry_staples","cat_qm_pantry_staples","grains_pulses_oils_condiments","subcat_qm_grains_pulses_oils_condiments","Pantry staple for everyday Indian cooking, baking, seasoning and family meals.","[""vegetarian"",""vegan""]","[""peanuts""]","Grains, rice, pulses, edible oil, spices, salt, sugar or condiments","[""cane sugar"",""grains"",""kitchenleaf cane sugar""]","IN","{""storage"":""ambient"",""pack_size"":""1 kg""}","active","4.7","10353","{""energy"":340,""protein"":12,""total_sugar"":3,""added_sugar"":0,""total_fat"":4,""fiber"":9}"
"prd_qm_graincraft_jaggery_powder","Jaggery Powder","GrainCraft","brand_qm_graincraft","pantry_staples","cat_qm_pantry_staples","grains_pulses_oils_condiments","subcat_qm_grains_pulses_oils_condiments","Pantry staple for everyday Indian cooking, baking, seasoning and family meals.","[""vegetarian"",""vegan""]","[""peanuts""]","Grains, rice, pulses, edible oil, spices, salt, sugar or condiments","[""jaggery powder"",""grains"",""graincraft jaggery powder""]","IN","{""storage"":""ambient"",""pack_size"":""1 kg""}","active","4.1","10526","{""energy"":340,""protein"":12,""total_sugar"":3,""added_sugar"":0,""total_fat"":4,""fiber"":9}"
"prd_qm_harvesthill_forest_honey","Forest Honey","HarvestHill","brand_qm_harvesthill","pantry_staples","cat_qm_pantry_staples","grains_pulses_oils_condiments","subcat_qm_grains_pulses_oils_condiments","Pantry staple for everyday Indian cooking, baking, seasoning and family meals.","[""vegetarian"",""vegan""]","[""peanuts""]","Grains, rice, pulses, edible oil, spices, salt, sugar or condiments","[""forest honey"",""grains"",""harvesthill forest honey""]","IN","{""storage"":""ambient"",""pack_size"":""1 kg""}","active","4.4","10699","{""energy"":340,""protein"":12,""total_sugar"":3,""added_sugar"":0,""total_fat"":4,""fiber"":9}"
"prd_qm_kitchenleaf_creamy_peanut_spread","Creamy Peanut Spread","KitchenLeaf","brand_qm_kitchenleaf","pantry_staples","cat_qm_pantry_staples","grains_pulses_oils_condiments","subcat_qm_grains_pulses_oils_condiments","Pantry staple for everyday Indian cooking, baking, seasoning and family meals.","[""vegetarian"",""vegan""]","[""peanuts""]","Grains, rice, pulses, edible oil, spices, salt, sugar or condiments","[""creamy peanut spread"",""grains"",""kitchenleaf creamy peanut spread""]","IN","{""storage"":""ambient"",""pack_size"":""1 kg""}","active","4.7","10872","{""energy"":340,""protein"":12,""total_sugar"":3,""added_sugar"":0,""total_fat"":4,""fiber"":9}"
"prd_qm_graincraft_tomato_cooking_sauce","Tomato Cooking Sauce","GrainCraft","brand_qm_graincraft","pantry_staples","cat_qm_pantry_staples","grains_pulses_oils_condiments","subcat_qm_grains_pulses_oils_condiments","Pantry staple for everyday Indian cooking, baking, seasoning and family meals.","[""vegetarian"",""vegan""]","[""peanuts""]","Grains, rice, pulses, edible oil, spices, salt, sugar or condiments","[""tomato cooking sauce"",""grains"",""graincraft tomato cooking sauce""]","IN","{""storage"":""ambient"",""pack_size"":""1 kg""}","active","4.1","11045","{""energy"":340,""protein"":12,""total_sugar"":3,""added_sugar"":0,""total_fat"":4,""fiber"":9}"
"prd_qm_pawplate_puppy_chicken_meal","Puppy Chicken Meal","PawPlate","brand_qm_pawplate","pet_supplies","cat_qm_pet_supplies","pet_food_treats_care","subcat_qm_pet_food_treats_care","Pet-care product for feeding, treating, grooming or caring for companion animals.","[]","[""fish""]","Cereals, meat or fish derivatives, vitamins, minerals or absorbent materials","[""puppy chicken meal"",""pet"",""pawplate puppy chicken meal""]","IN","{""storage"":""ambient"",""pack_size"":""1 kg"",""pet_use"":true}","active","4.4","11218","{""energy"":350,""protein"":24,""total_fat"":14}"
"prd_qm_whiskerbowl_adult_chicken_dog_meal","Adult Chicken Dog Meal","WhiskerBowl","brand_qm_whiskerbowl","pet_supplies","cat_qm_pet_supplies","pet_food_treats_care","subcat_qm_pet_food_treats_care","Pet-care product for feeding, treating, grooming or caring for companion animals.","[]","[""fish""]","Cereals, meat or fish derivatives, vitamins, minerals or absorbent materials","[""adult chicken dog meal"",""pet"",""whiskerbowl adult chicken dog meal""]","IN","{""storage"":""ambient"",""pack_size"":""1 kg"",""pet_use"":true}","active","4.7","11391","{""energy"":350,""protein"":24,""total_fat"":14}"
"prd_qm_tailtrail_lamb_rice_dog_meal","Lamb Rice Dog Meal","TailTrail","brand_qm_tailtrail","pet_supplies","cat_qm_pet_supplies","pet_food_treats_care","subcat_qm_pet_food_treats_care","Pet-care product for feeding, treating, grooming or caring for companion animals.","[]","[""fish""]","Cereals, meat or fish derivatives, vitamins, minerals or absorbent materials","[""lamb rice dog meal"",""pet"",""tailtrail lamb rice dog meal""]","IN","{""storage"":""ambient"",""pack_size"":""1 kg"",""pet_use"":true}","active","4.1","11564","{""energy"":350,""protein"":24,""total_fat"":14}"
"prd_qm_pawplate_small_dog_dental_chews","Small Dog Dental Chews","PawPlate","brand_qm_pawplate","pet_supplies","cat_qm_pet_supplies","pet_food_treats_care","subcat_qm_pet_food_treats_care","Pet-care product for feeding, treating, grooming or caring for companion animals.","[]","[""fish""]","Cereals, meat or fish derivatives, vitamins, minerals or absorbent materials","[""small dog dental chews"",""pet"",""pawplate small dog dental chews""]","IN","{""storage"":""ambient"",""pack_size"":""1 kg"",""pet_use"":true}","active","4.4","11737","{""energy"":350,""protein"":24,""total_fat"":14}"
"prd_qm_whiskerbowl_large_dog_dental_chews","Large Dog Dental Chews","WhiskerBowl","brand_qm_whiskerbowl","pet_supplies","cat_qm_pet_supplies","pet_food_treats_care","subcat_qm_pet_food_treats_care","Pet-care product for feeding, treating, grooming or caring for companion animals.","[]","[""fish""]","Cereals, meat or fish derivatives, vitamins, minerals or absorbent materials","[""large dog dental chews"",""pet"",""whiskerbowl large dog dental chews""]","IN","{""storage"":""ambient"",""pack_size"":""1 kg"",""pet_use"":true}","active","4.7","11910","{""energy"":350,""protein"":24,""total_fat"":14}"
"prd_qm_tailtrail_chicken_training_treats","Chicken Training Treats","TailTrail","brand_qm_tailtrail","pet_supplies","cat_qm_pet_supplies","pet_food_treats_care","subcat_qm_pet_food_treats_care","Pet-care product for feeding, treating, grooming or caring for companion animals.","[]","[""fish""]","Cereals, meat or fish derivatives, vitamins, minerals or absorbent materials","[""chicken training treats"",""pet"",""tailtrail chicken training treats""]","IN","{""storage"":""ambient"",""pack_size"":""1 kg"",""pet_use"":true}","active","4.1","12083","{""energy"":350,""protein"":24,""total_fat"":14}"
"prd_qm_pawplate_ocean_fish_cat_meal","Ocean Fish Cat Meal","PawPlate","brand_qm_pawplate","pet_supplies","cat_qm_pet_supplies","pet_food_treats_care","subcat_qm_pet_food_treats_care","Pet-care product for feeding, treating, grooming or caring for companion animals.","[]","[""fish""]","Cereals, meat or fish derivatives, vitamins, minerals or absorbent materials","[""ocean fish cat meal"",""pet"",""pawplate ocean fish cat meal""]","IN","{""storage"":""ambient"",""pack_size"":""1 kg"",""pet_use"":true}","active","4.4","12256","{""energy"":350,""protein"":24,""total_fat"":14}"
"prd_qm_whiskerbowl_tuna_cat_meal","Tuna Cat Meal","WhiskerBowl","brand_qm_whiskerbowl","pet_supplies","cat_qm_pet_supplies","pet_food_treats_care","subcat_qm_pet_food_treats_care","Pet-care product for feeding, treating, grooming or caring for companion animals.","[]","[""fish""]","Cereals, meat or fish derivatives, vitamins, minerals or absorbent materials","[""tuna cat meal"",""pet"",""whiskerbowl tuna cat meal""]","IN","{""storage"":""ambient"",""pack_size"":""1 kg"",""pet_use"":true}","active","4.7","12429","{""energy"":350,""protein"":24,""total_fat"":14}"
"prd_qm_tailtrail_salmon_cat_pouch","Salmon Cat Pouch","TailTrail","brand_qm_tailtrail","pet_supplies","cat_qm_pet_supplies","pet_food_treats_care","subcat_qm_pet_food_treats_care","Pet-care product for feeding, treating, grooming or caring for companion animals.","[]","[""fish""]","Cereals, meat or fish derivatives, vitamins, minerals or absorbent materials","[""salmon cat pouch"",""pet"",""tailtrail salmon cat pouch""]","IN","{""storage"":""ambient"",""pack_size"":""1 kg"",""pet_use"":true}","active","4.1","12602","{""energy"":350,""protein"":24,""total_fat"":14}"
"prd_qm_pawplate_indoor_cat_dry_food","Indoor Cat Dry Food","PawPlate","brand_qm_pawplate","pet_supplies","cat_qm_pet_supplies","pet_food_treats_care","subcat_qm_pet_food_treats_care","Pet-care product for feeding, treating, grooming or caring for companion animals.","[]","[""fish""]","Cereals, meat or fish derivatives, vitamins, minerals or absorbent materials","[""indoor cat dry food"",""pet"",""pawplate indoor cat dry food""]","IN","{""storage"":""ambient"",""pack_size"":""1 kg"",""pet_use"":true}","active","4.4","12775","{""energy"":350,""protein"":24,""total_fat"":14}"
"prd_qm_whiskerbowl_sensitive_dog_food","Sensitive Dog Food","WhiskerBowl","brand_qm_whiskerbowl","pet_supplies","cat_qm_pet_supplies","pet_food_treats_care","subcat_qm_pet_food_treats_care","Pet-care product for feeding, treating, grooming or caring for companion animals.","[]","[""fish""]","Cereals, meat or fish derivatives, vitamins, minerals or absorbent materials","[""sensitive dog food"",""pet"",""whiskerbowl sensitive dog food""]","IN","{""storage"":""ambient"",""pack_size"":""1 kg"",""pet_use"":true}","active","4.7","12948","{""energy"":350,""protein"":24,""total_fat"":14}"
"prd_qm_tailtrail_puppy_starter_food","Puppy Starter Food","TailTrail","brand_qm_tailtrail","pet_supplies","cat_qm_pet_supplies","pet_food_treats_care","subcat_qm_pet_food_treats_care","Pet-care product for feeding, treating, grooming or caring for companion animals.","[]","[""fish""]","Cereals, meat or fish derivatives, vitamins, minerals or absorbent materials","[""puppy starter food"",""pet"",""tailtrail puppy starter food""]","IN","{""storage"":""ambient"",""pack_size"":""1 kg"",""pet_use"":true}","active","4.1","321","{""energy"":350,""protein"":24,""total_fat"":14}"
"prd_qm_pawplate_senior_dog_food","Senior Dog Food","PawPlate","brand_qm_pawplate","pet_supplies","cat_qm_pet_supplies","pet_food_treats_care","subcat_qm_pet_food_treats_care","Pet-care product for feeding, treating, grooming or caring for companion animals.","[]","[""fish""]","Cereals, meat or fish derivatives, vitamins, minerals or absorbent materials","[""senior dog food"",""pet"",""pawplate senior dog food""]","IN","{""storage"":""ambient"",""pack_size"":""1 kg"",""pet_use"":true}","active","4.4","494","{""energy"":350,""protein"":24,""total_fat"":14}"
"prd_qm_whiskerbowl_kitten_growth_food","Kitten Growth Food","WhiskerBowl","brand_qm_whiskerbowl","pet_supplies","cat_qm_pet_supplies","pet_food_treats_care","subcat_qm_pet_food_treats_care","Pet-care product for feeding, treating, grooming or caring for companion animals.","[]","[""fish""]","Cereals, meat or fish derivatives, vitamins, minerals or absorbent materials","[""kitten growth food"",""pet"",""whiskerbowl kitten growth food""]","IN","{""storage"":""ambient"",""pack_size"":""1 kg"",""pet_use"":true}","active","4.7","667","{""energy"":350,""protein"":24,""total_fat"":14}"
"prd_qm_tailtrail_small_breed_adult_food","Small Breed Adult Food","TailTrail","brand_qm_tailtrail","pet_supplies","cat_qm_pet_supplies","pet_food_treats_care","subcat_qm_pet_food_treats_care","Pet-care product for feeding, treating, grooming or caring for companion animals.","[]","[""fish""]","Cereals, meat or fish derivatives, vitamins, minerals or absorbent materials","[""small breed adult food"",""pet"",""tailtrail small breed adult food""]","IN","{""storage"":""ambient"",""pack_size"":""1 kg"",""pet_use"":true}","active","4.1","840","{""energy"":350,""protein"":24,""total_fat"":14}"
"prd_qm_pawplate_cat_treat_crunchies","Cat Treat Crunchies","PawPlate","brand_qm_pawplate","pet_supplies","cat_qm_pet_supplies","pet_food_treats_care","subcat_qm_pet_food_treats_care","Pet-care product for feeding, treating, grooming or caring for companion animals.","[]","[""fish""]","Cereals, meat or fish derivatives, vitamins, minerals or absorbent materials","[""cat treat crunchies"",""pet"",""pawplate cat treat crunchies""]","IN","{""storage"":""ambient"",""pack_size"":""1 kg"",""pet_use"":true}","active","4.4","1013","{""energy"":350,""protein"":24,""total_fat"":14}"
"prd_qm_whiskerbowl_chicken_jerky_strips","Chicken Jerky Strips","WhiskerBowl","brand_qm_whiskerbowl","pet_supplies","cat_qm_pet_supplies","pet_food_treats_care","subcat_qm_pet_food_treats_care","Pet-care product for feeding, treating, grooming or caring for companion animals.","[]","[""fish""]","Cereals, meat or fish derivatives, vitamins, minerals or absorbent materials","[""chicken jerky strips"",""pet"",""whiskerbowl chicken jerky strips""]","IN","{""storage"":""ambient"",""pack_size"":""1 kg"",""pet_use"":true}","active","4.7","1186","{""energy"":350,""protein"":24,""total_fat"":14}"
"prd_qm_tailtrail_chewable_dental_bone","Chewable Dental Bone","TailTrail","brand_qm_tailtrail","pet_supplies","cat_qm_pet_supplies","pet_food_treats_care","subcat_qm_pet_food_treats_care","Pet-care product for feeding, treating, grooming or caring for companion animals.","[]","[""fish""]","Cereals, meat or fish derivatives, vitamins, minerals or absorbent materials","[""chewable dental bone"",""pet"",""tailtrail chewable dental bone""]","IN","{""storage"":""ambient"",""pack_size"":""1 kg"",""pet_use"":true}","active","4.1","1359","{""energy"":350,""protein"":24,""total_fat"":14}"
"prd_qm_pawplate_clumping_cat_litter","Clumping Cat Litter","PawPlate","brand_qm_pawplate","pet_supplies","cat_qm_pet_supplies","pet_food_treats_care","subcat_qm_pet_food_treats_care","Pet-care product for feeding, treating, grooming or caring for companion animals.","[]","[""fish""]","Cereals, meat or fish derivatives, vitamins, minerals or absorbent materials","[""clumping cat litter"",""pet"",""pawplate clumping cat litter""]","IN","{""storage"":""ambient"",""pack_size"":""1 kg"",""pet_use"":true}","active","4.4","1532","{""energy"":350,""protein"":24,""total_fat"":14}"
"prd_qm_whiskerbowl_herbal_pet_shampoo","Herbal Pet Shampoo","WhiskerBowl","brand_qm_whiskerbowl","pet_supplies","cat_qm_pet_supplies","pet_food_treats_care","subcat_qm_pet_food_treats_care","Pet-care product for feeding, treating, grooming or caring for companion animals.","[]","[""fish""]","Cereals, meat or fish derivatives, vitamins, minerals or absorbent materials","[""herbal pet shampoo"",""pet"",""whiskerbowl herbal pet shampoo""]","IN","{""storage"":""ambient"",""pack_size"":""1 kg"",""pet_use"":true}","active","4.7","1705","{""energy"":350,""protein"":24,""total_fat"":14}"
"prd_qm_littlesprout_newborn_diaper_pants","Newborn Diaper Pants","LittleSprout","brand_qm_littlesprout","baby_care","cat_qm_baby_care","diapers_feeding_bath","subcat_qm_diapers_feeding_bath","Baby-care essential for feeding, bathing, skin care, gentle cleaning or protection.","[""vegetarian""]","[""milk""]","Processed grain, milk ingredients, cleansing agents or absorbent materials","[""newborn diaper pants"",""diapers"",""littlesprout newborn diaper pants""]","IN","{""storage"":""ambient"",""pack_size"":""1 pack"",""baby_safe"":true}","active","4.1","1878","{""energy"":380,""protein"":9,""total_sugar"":18,""added_sugar"":8,""total_fat"":8}"
"prd_qm_tinynest_small_diaper_pants","Small Diaper Pants","TinyNest","brand_qm_tinynest","baby_care","cat_qm_baby_care","diapers_feeding_bath","subcat_qm_diapers_feeding_bath","Baby-care essential for feeding, bathing, skin care, gentle cleaning or protection.","[""vegetarian""]","[""milk""]","Processed grain, milk ingredients, cleansing agents or absorbent materials","[""small diaper pants"",""diapers"",""tinynest small diaper pants""]","IN","{""storage"":""ambient"",""pack_size"":""1 pack"",""baby_safe"":true}","active","4.4","2051","{""energy"":380,""protein"":9,""total_sugar"":18,""added_sugar"":8,""total_fat"":8}"
"prd_qm_gentlesteps_medium_diaper_pants","Medium Diaper Pants","GentleSteps","brand_qm_gentlesteps","baby_care","cat_qm_baby_care","diapers_feeding_bath","subcat_qm_diapers_feeding_bath","Baby-care essential for feeding, bathing, skin care, gentle cleaning or protection.","[""vegetarian""]","[""milk""]","Processed grain, milk ingredients, cleansing agents or absorbent materials","[""medium diaper pants"",""diapers"",""gentlesteps medium diaper pants""]","IN","{""storage"":""ambient"",""pack_size"":""1 pack"",""baby_safe"":true}","active","4.7","2224","{""energy"":380,""protein"":9,""total_sugar"":18,""added_sugar"":8,""total_fat"":8}"
"prd_qm_littlesprout_large_diaper_pants","Large Diaper Pants","LittleSprout","brand_qm_littlesprout","baby_care","cat_qm_baby_care","diapers_feeding_bath","subcat_qm_diapers_feeding_bath","Baby-care essential for feeding, bathing, skin care, gentle cleaning or protection.","[""vegetarian""]","[""milk""]","Processed grain, milk ingredients, cleansing agents or absorbent materials","[""large diaper pants"",""diapers"",""littlesprout large diaper pants""]","IN","{""storage"":""ambient"",""pack_size"":""1 pack"",""baby_safe"":true}","active","4.1","2397","{""energy"":380,""protein"":9,""total_sugar"":18,""added_sugar"":8,""total_fat"":8}"
"prd_qm_tinynest_extra_large_diaper_pants","Extra Large Diaper Pants","TinyNest","brand_qm_tinynest","baby_care","cat_qm_baby_care","diapers_feeding_bath","subcat_qm_diapers_feeding_bath","Baby-care essential for feeding, bathing, skin care, gentle cleaning or protection.","[""vegetarian""]","[""milk""]","Processed grain, milk ingredients, cleansing agents or absorbent materials","[""extra large diaper pants"",""diapers"",""tinynest extra large diaper pants""]","IN","{""storage"":""ambient"",""pack_size"":""1 pack"",""baby_safe"":true}","active","4.4","2570","{""energy"":380,""protein"":9,""total_sugar"":18,""added_sugar"":8,""total_fat"":8}"
"prd_qm_gentlesteps_overnight_diaper_pants","Overnight Diaper Pants","GentleSteps","brand_qm_gentlesteps","baby_care","cat_qm_baby_care","diapers_feeding_bath","subcat_qm_diapers_feeding_bath","Baby-care essential for feeding, bathing, skin care, gentle cleaning or protection.","[""vegetarian""]","[""milk""]","Processed grain, milk ingredients, cleansing agents or absorbent materials","[""overnight diaper pants"",""diapers"",""gentlesteps overnight diaper pants""]","IN","{""storage"":""ambient"",""pack_size"":""1 pack"",""baby_safe"":true}","active","4.7","2743","{""energy"":380,""protein"":9,""total_sugar"":18,""added_sugar"":8,""total_fat"":8}"
"prd_qm_littlesprout_sensitive_baby_wipes","Sensitive Baby Wipes","LittleSprout","brand_qm_littlesprout","baby_care","cat_qm_baby_care","diapers_feeding_bath","subcat_qm_diapers_feeding_bath","Baby-care essential for feeding, bathing, skin care, gentle cleaning or protection.","[""vegetarian""]","[""milk""]","Processed grain, milk ingredients, cleansing agents or absorbent materials","[""sensitive baby wipes"",""diapers"",""littlesprout sensitive baby wipes""]","IN","{""storage"":""ambient"",""pack_size"":""1 pack"",""baby_safe"":true}","active","4.1","2916","{""energy"":380,""protein"":9,""total_sugar"":18,""added_sugar"":8,""total_fat"":8}"
"prd_qm_tinynest_aloe_baby_wipes","Aloe Baby Wipes","TinyNest","brand_qm_tinynest","baby_care","cat_qm_baby_care","diapers_feeding_bath","subcat_qm_diapers_feeding_bath","Baby-care essential for feeding, bathing, skin care, gentle cleaning or protection.","[""vegetarian""]","[""milk""]","Processed grain, milk ingredients, cleansing agents or absorbent materials","[""aloe baby wipes"",""diapers"",""tinynest aloe baby wipes""]","IN","{""storage"":""ambient"",""pack_size"":""1 pack"",""baby_safe"":true}","active","4.4","3089","{""energy"":380,""protein"":9,""total_sugar"":18,""added_sugar"":8,""total_fat"":8}"
"prd_qm_gentlesteps_gentle_baby_shampoo","Gentle Baby Shampoo","GentleSteps","brand_qm_gentlesteps","baby_care","cat_qm_baby_care","diapers_feeding_bath","subcat_qm_diapers_feeding_bath","Baby-care essential for feeding, bathing, skin care, gentle cleaning or protection.","[""vegetarian""]","[""milk""]","Processed grain, milk ingredients, cleansing agents or absorbent materials","[""gentle baby shampoo"",""diapers"",""gentlesteps gentle baby shampoo""]","IN","{""storage"":""ambient"",""pack_size"":""1 pack"",""baby_safe"":true}","active","4.7","3262","{""energy"":380,""protein"":9,""total_sugar"":18,""added_sugar"":8,""total_fat"":8}"
"prd_qm_littlesprout_mild_baby_soap","Mild Baby Soap","LittleSprout","brand_qm_littlesprout","baby_care","cat_qm_baby_care","diapers_feeding_bath","subcat_qm_diapers_feeding_bath","Baby-care essential for feeding, bathing, skin care, gentle cleaning or protection.","[""vegetarian""]","[""milk""]","Processed grain, milk ingredients, cleansing agents or absorbent materials","[""mild baby soap"",""diapers"",""littlesprout mild baby soap""]","IN","{""storage"":""ambient"",""pack_size"":""1 pack"",""baby_safe"":true}","active","4.1","3435","{""energy"":380,""protein"":9,""total_sugar"":18,""added_sugar"":8,""total_fat"":8}"
"prd_qm_tinynest_daily_baby_lotion","Daily Baby Lotion","TinyNest","brand_qm_tinynest","baby_care","cat_qm_baby_care","diapers_feeding_bath","subcat_qm_diapers_feeding_bath","Baby-care essential for feeding, bathing, skin care, gentle cleaning or protection.","[""vegetarian""]","[""milk""]","Processed grain, milk ingredients, cleansing agents or absorbent materials","[""daily baby lotion"",""diapers"",""tinynest daily baby lotion""]","IN","{""storage"":""ambient"",""pack_size"":""1 pack"",""baby_safe"":true}","active","4.4","3608","{""energy"":380,""protein"":9,""total_sugar"":18,""added_sugar"":8,""total_fat"":8}"
"prd_qm_gentlesteps_protective_diaper_cream","Protective Diaper Cream","GentleSteps","brand_qm_gentlesteps","baby_care","cat_qm_baby_care","diapers_feeding_bath","subcat_qm_diapers_feeding_bath","Baby-care essential for feeding, bathing, skin care, gentle cleaning or protection.","[""vegetarian""]","[""milk""]","Processed grain, milk ingredients, cleansing agents or absorbent materials","[""protective diaper cream"",""diapers"",""gentlesteps protective diaper cream""]","IN","{""storage"":""ambient"",""pack_size"":""1 pack"",""baby_safe"":true}","active","4.7","3781","{""energy"":380,""protein"":9,""total_sugar"":18,""added_sugar"":8,""total_fat"":8}"
"prd_qm_littlesprout_baby_massage_oil","Baby Massage Oil","LittleSprout","brand_qm_littlesprout","baby_care","cat_qm_baby_care","diapers_feeding_bath","subcat_qm_diapers_feeding_bath","Baby-care essential for feeding, bathing, skin care, gentle cleaning or protection.","[""vegetarian""]","[""milk""]","Processed grain, milk ingredients, cleansing agents or absorbent materials","[""baby massage oil"",""diapers"",""littlesprout baby massage oil""]","IN","{""storage"":""ambient"",""pack_size"":""1 pack"",""baby_safe"":true}","active","4.1","3954","{""energy"":380,""protein"":9,""total_sugar"":18,""added_sugar"":8,""total_fat"":8}"
"prd_qm_tinynest_calming_baby_wash","Calming Baby Wash","TinyNest","brand_qm_tinynest","baby_care","cat_qm_baby_care","diapers_feeding_bath","subcat_qm_diapers_feeding_bath","Baby-care essential for feeding, bathing, skin care, gentle cleaning or protection.","[""vegetarian""]","[""milk""]","Processed grain, milk ingredients, cleansing agents or absorbent materials","[""calming baby wash"",""diapers"",""tinynest calming baby wash""]","IN","{""storage"":""ambient"",""pack_size"":""1 pack"",""baby_safe"":true}","active","4.4","4127","{""energy"":380,""protein"":9,""total_sugar"":18,""added_sugar"":8,""total_fat"":8}"
"prd_qm_gentlesteps_tear_free_hair_wash","Tear Free Hair Wash","GentleSteps","brand_qm_gentlesteps","baby_care","cat_qm_baby_care","diapers_feeding_bath","subcat_qm_diapers_feeding_bath","Baby-care essential for feeding, bathing, skin care, gentle cleaning or protection.","[""vegetarian""]","[""milk""]","Processed grain, milk ingredients, cleansing agents or absorbent materials","[""tear free hair wash"",""diapers"",""gentlesteps tear free hair wash""]","IN","{""storage"":""ambient"",""pack_size"":""1 pack"",""baby_safe"":true}","active","4.7","4300","{""energy"":380,""protein"":9,""total_sugar"":18,""added_sugar"":8,""total_fat"":8}"
"prd_qm_littlesprout_rice_cereal_stage_one","Rice Cereal Stage One","LittleSprout","brand_qm_littlesprout","baby_care","cat_qm_baby_care","diapers_feeding_bath","subcat_qm_diapers_feeding_bath","Baby-care essential for feeding, bathing, skin care, gentle cleaning or protection.","[""vegetarian""]","[""milk""]","Processed grain, milk ingredients, cleansing agents or absorbent materials","[""rice cereal stage one"",""diapers"",""littlesprout rice cereal stage one""]","IN","{""storage"":""ambient"",""pack_size"":""1 pack"",""baby_safe"":true}","active","4.1","4473","{""energy"":380,""protein"":9,""total_sugar"":18,""added_sugar"":8,""total_fat"":8}"
"prd_qm_tinynest_wheat_apple_cereal","Wheat Apple Cereal","TinyNest","brand_qm_tinynest","baby_care","cat_qm_baby_care","diapers_feeding_bath","subcat_qm_diapers_feeding_bath","Baby-care essential for feeding, bathing, skin care, gentle cleaning or protection.","[""vegetarian""]","[""milk""]","Processed grain, milk ingredients, cleansing agents or absorbent materials","[""wheat apple cereal"",""diapers"",""tinynest wheat apple cereal""]","IN","{""storage"":""ambient"",""pack_size"":""1 pack"",""baby_safe"":true}","active","4.4","4646","{""energy"":380,""protein"":9,""total_sugar"":18,""added_sugar"":8,""total_fat"":8}"
"prd_qm_gentlesteps_rice_vegetable_cereal","Rice Vegetable Cereal","GentleSteps","brand_qm_gentlesteps","baby_care","cat_qm_baby_care","diapers_feeding_bath","subcat_qm_diapers_feeding_bath","Baby-care essential for feeding, bathing, skin care, gentle cleaning or protection.","[""vegetarian""]","[""milk""]","Processed grain, milk ingredients, cleansing agents or absorbent materials","[""rice vegetable cereal"",""diapers"",""gentlesteps rice vegetable cereal""]","IN","{""storage"":""ambient"",""pack_size"":""1 pack"",""baby_safe"":true}","active","4.7","4819","{""energy"":380,""protein"":9,""total_sugar"":18,""added_sugar"":8,""total_fat"":8}"
"prd_qm_littlesprout_silicone_feeding_spoon","Silicone Feeding Spoon","LittleSprout","brand_qm_littlesprout","baby_care","cat_qm_baby_care","diapers_feeding_bath","subcat_qm_diapers_feeding_bath","Baby-care essential for feeding, bathing, skin care, gentle cleaning or protection.","[""vegetarian""]","[""milk""]","Processed grain, milk ingredients, cleansing agents or absorbent materials","[""silicone feeding spoon"",""diapers"",""littlesprout silicone feeding spoon""]","IN","{""storage"":""ambient"",""pack_size"":""1 pack"",""baby_safe"":true}","active","4.1","4992","{""energy"":380,""protein"":9,""total_sugar"":18,""added_sugar"":8,""total_fat"":8}"
"prd_qm_tinynest_infant_feeding_bottle","Infant Feeding Bottle","TinyNest","brand_qm_tinynest","baby_care","cat_qm_baby_care","diapers_feeding_bath","subcat_qm_diapers_feeding_bath","Baby-care essential for feeding, bathing, skin care, gentle cleaning or protection.","[""vegetarian""]","[""milk""]","Processed grain, milk ingredients, cleansing agents or absorbent materials","[""infant feeding bottle"",""diapers"",""tinynest infant feeding bottle""]","IN","{""storage"":""ambient"",""pack_size"":""1 pack"",""baby_safe"":true}","active","4.4","5165","{""energy"":380,""protein"":9,""total_sugar"":18,""added_sugar"":8,""total_fat"":8}"
