sku_id,product_id,name,variant_label,net_quantity,net_unit,pack_count,gtin,lifecycle,storage_class,perishable,shelf_life_days,max_order_quantity,hsn_code,attributes_json
QM-SNK-0001-A,prd_qm_crispkettle_tea_biscuits_plain,Tea Biscuits Plain - standard pack,standard pack,100,g,1,8900000000000,active,ambient,false,540,12,1905,"{""source_product_id"":""prd_qm_crispkettle_tea_biscuits_plain"",""variant_type"":""standard"",""display_pack_size"":""100 g"",""storage"":""ambient""}"
QM-SNK-0001-B,prd_qm_crispkettle_tea_biscuits_plain,Tea Biscuits Plain - family pack,family pack,200,g,1,8900000000001,active,ambient,false,540,12,1905,"{""source_product_id"":""prd_qm_crispkettle_tea_biscuits_plain"",""variant_type"":""larger"",""display_pack_size"":""200 g"",""storage"":""ambient""}"
QM-SNK-0002-A,prd_qm_munchmitra_butter_shortbread_bites,Butter Shortbread Bites - standard pack,standard pack,100,g,1,8900000000010,active,ambient,false,540,12,1905,"{""source_product_id"":""prd_qm_munchmitra_butter_shortbread_bites"",""variant_type"":""standard"",""display_pack_size"":""100 g"",""storage"":""ambient""}"
QM-SNK-0002-B,prd_qm_munchmitra_butter_shortbread_bites,Butter Shortbread Bites - family pack,family pack,200,g,1,8900000000011,active,ambient,false,540,12,1905,"{""source_product_id"":""prd_qm_munchmitra_butter_shortbread_bites"",""variant_type"":""larger"",""display_pack_size"":""200 g"",""storage"":""ambient""}"
QM-SNK-0003-A,prd_qm_nibblenest_cocoa_cream_biscuits,Cocoa Cream Biscuits - standard pack,standard pack,100,g,1,8900000000020,active,ambient,false,540,12,1905,"{""source_product_id"":""prd_qm_nibblenest_cocoa_cream_biscuits"",""variant_type"":""standard"",""display_pack_size"":""100 g"",""storage"":""ambient""}"
QM-SNK-0003-B,prd_qm_nibblenest_cocoa_cream_biscuits,Cocoa Cream Biscuits - family pack,family pack,200,g,1,8900000000021,active,ambient,false,540,12,1905,"{""source_product_id"":""prd_qm_nibblenest_cocoa_cream_biscuits"",""variant_type"":""larger"",""display_pack_size"":""200 g"",""storage"":""ambient""}"
QM-SNK-0004-A,prd_qm_crispkettle_oat_crunch_cookies,Oat Crunch Cookies - standard pack,standard pack,100,g,1,8900000000030,active,ambient,false,540,12,1905,"{""source_product_id"":""prd_qm_crispkettle_oat_crunch_cookies"",""variant_type"":""standard"",""display_pack_size"":""100 g"",""storage"":""ambient""}"
QM-SNK-0004-B,prd_qm_crispkettle_oat_crunch_cookies,Oat Crunch Cookies - family pack,family pack,200,g,1,8900000000031,active,ambient,false,540,12,1905,"{""source_product_id"":""prd_qm_crispkettle_oat_crunch_cookies"",""variant_type"":""larger"",""display_pack_size"":""200 g"",""storage"":""ambient""}"
QM-SNK-0005-A,prd_qm_munchmitra_salted_cracker_squares,Salted Cracker Squares - standard pack,standard pack,100,g,1,8900000000040,active,ambient,false,540,12,1905,"{""source_product_id"":""prd_qm_munchmitra_salted_cracker_squares"",""variant_type"":""standard"",""display_pack_size"":""100 g"",""storage"":""ambient""}"
QM-SNK-0005-B,prd_qm_munchmitra_salted_cracker_squares,Salted Cracker Squares - family pack,family pack,200,g,1,8900000000041,active,ambient,false,540,12,1905,"{""source_product_id"":""prd_qm_munchmitra_salted_cracker_squares"",""variant_type"":""larger"",""display_pack_size"":""200 g"",""storage"":""ambient""}"
QM-SNK-0006-A,prd_qm_nibblenest_coconut_snap_biscuits,Coconut Snap Biscuits - standard pack,standard pack,100,g,1,8900000000050,active,ambient,false,540,12,1905,"{""source_product_id"":""prd_qm_nibblenest_coconut_snap_biscuits"",""variant_type"":""standard"",""display_pack_size"":""100 g"",""storage"":""ambient""}"
QM-SNK-0006-B,prd_qm_nibblenest_coconut_snap_biscuits,Coconut Snap Biscuits - family pack,family pack,200,g,1,8900000000051,active,ambient,false,540,12,1905,"{""source_product_id"":""prd_qm_nibblenest_coconut_snap_biscuits"",""variant_type"":""larger"",""display_pack_size"":""200 g"",""storage"":""ambient""}"
QM-SNK-0007-A,prd_qm_crispkettle_cardamom_tea_biscuits,Cardamom Tea Biscuits - standard pack,standard pack,100,g,1,8900000000060,active,ambient,false,540,12,1905,"{""source_product_id"":""prd_qm_crispkettle_cardamom_tea_biscuits"",""variant_type"":""standard"",""display_pack_size"":""100 g"",""storage"":""ambient""}"
QM-SNK-0007-B,prd_qm_crispkettle_cardamom_tea_biscuits,Cardamom Tea Biscuits - family pack,family pack,200,g,1,8900000000061,active,ambient,false,540,12,1905,"{""source_product_id"":""prd_qm_crispkettle_cardamom_tea_biscuits"",""variant_type"":""larger"",""display_pack_size"":""200 g"",""storage"":""ambient""}"
QM-SNK-0008-A,prd_qm_munchmitra_honey_oat_cookies,Honey Oat Cookies - standard pack,standard pack,100,g,1,8900000000070,active,ambient,false,540,12,1905,"{""source_product_id"":""prd_qm_munchmitra_honey_oat_cookies"",""variant_type"":""standard"",""display_pack_size"":""100 g"",""storage"":""ambient""}"
QM-SNK-0008-B,prd_qm_munchmitra_honey_oat_cookies,Honey Oat Cookies - family pack,family pack,200,g,1,8900000000071,active,ambient,false,540,12,1905,"{""source_product_id"":""prd_qm_munchmitra_honey_oat_cookies"",""variant_type"":""larger"",""display_pack_size"":""200 g"",""storage"":""ambient""}"
QM-SNK-0009-A,prd_qm_nibblenest_ragi_sesame_bites,Ragi Sesame Bites - standard pack,standard pack,100,g,1,8900000000080,active,ambient,false,540,12,1905,"{""source_product_id"":""prd_qm_nibblenest_ragi_sesame_bites"",""variant_type"":""standard"",""display_pack_size"":""100 g"",""storage"":""ambient""}"
QM-SNK-0009-B,prd_qm_nibblenest_ragi_sesame_bites,Ragi Sesame Bites - family pack,family pack,200,g,1,8900000000081,active,ambient,false,540,12,1905,"{""source_product_id"":""prd_qm_nibblenest_ragi_sesame_bites"",""variant_type"":""larger"",""display_pack_size"":""200 g"",""storage"":""ambient""}"
QM-SNK-0010-A,prd_qm_crispkettle_choco_chip_rounds,Choco Chip Rounds - standard pack,standard pack,100,g,1,8900000000090,active,ambient,false,540,12,1905,"{""source_product_id"":""prd_qm_crispkettle_choco_chip_rounds"",""variant_type"":""standard"",""display_pack_size"":""100 g"",""storage"":""ambient""}"
QM-SNK-0010-B,prd_qm_crispkettle_choco_chip_rounds,Choco Chip Rounds - family pack,family pack,200,g,1,8900000000091,active,ambient,false,540,12,1905,"{""source_product_id"":""prd_qm_crispkettle_choco_chip_rounds"",""variant_type"":""larger"",""display_pack_size"":""200 g"",""storage"":""ambient""}"
QM-SNK-0011-A,prd_qm_munchmitra_classic_potato_crisps,Classic Potato Crisps - standard pack,standard pack,100,g,1,8900000000100,active,ambient,false,540,12,1905,"{""source_product_id"":""prd_qm_munchmitra_classic_potato_crisps"",""variant_type"":""standard"",""display_pack_size"":""100 g"",""storage"":""ambient""}"
QM-SNK-0011-B,prd_qm_munchmitra_classic_potato_crisps,Classic Potato Crisps - family pack,family pack,200,g,1,8900000000101,active,ambient,false,540,12,1905,"{""source_product_id"":""prd_qm_munchmitra_classic_potato_crisps"",""variant_type"":""larger"",""display_pack_size"":""200 g"",""storage"":""ambient""}"
QM-SNK-0012-A,prd_qm_nibblenest_smoky_barbecue_crisps,Smoky Barbecue Crisps - standard pack,standard pack,100,g,1,8900000000110,active,ambient,false,540,12,1905,"{""source_product_id"":""prd_qm_nibblenest_smoky_barbecue_crisps"",""variant_type"":""standard"",""display_pack_size"":""100 g"",""storage"":""ambient""}"
QM-SNK-0012-B,prd_qm_nibblenest_smoky_barbecue_crisps,Smoky Barbecue Crisps - family pack,family pack,200,g,1,8900000000111,active,ambient,false,540,12,1905,"{""source_product_id"":""prd_qm_nibblenest_smoky_barbecue_crisps"",""variant_type"":""larger"",""display_pack_size"":""200 g"",""storage"":""ambient""}"
QM-SNK-0013-A,prd_qm_crispkettle_lime_chilli_crisps,Lime Chilli Crisps - standard pack,standard pack,100,g,1,8900000000120,active,ambient,false,540,12,1905,"{""source_product_id"":""prd_qm_crispkettle_lime_chilli_crisps"",""variant_type"":""standard"",""display_pack_size"":""100 g"",""storage"":""ambient""}"
QM-SNK-0013-B,prd_qm_crispkettle_lime_chilli_crisps,Lime Chilli Crisps - family pack,family pack,200,g,1,8900000000121,active,ambient,false,540,12,1905,"{""source_product_id"":""prd_qm_crispkettle_lime_chilli_crisps"",""variant_type"":""larger"",""display_pack_size"":""200 g"",""storage"":""ambient""}"
QM-SNK-0014-A,prd_qm_munchmitra_tomato_herb_crisps,Tomato Herb Crisps - standard pack,standard pack,100,g,1,8900000000130,active,ambient,false,540,12,1905,"{""source_product_id"":""prd_qm_munchmitra_tomato_herb_crisps"",""variant_type"":""standard"",""display_pack_size"":""100 g"",""storage"":""ambient""}"
QM-SNK-0014-B,prd_qm_munchmitra_tomato_herb_crisps,Tomato Herb Crisps - family pack,family pack,200,g,1,8900000000131,active,ambient,false,540,12,1905,"{""source_product_id"":""prd_qm_munchmitra_tomato_herb_crisps"",""variant_type"":""larger"",""display_pack_size"":""200 g"",""storage"":""ambient""}"
QM-SNK-0015-A,prd_qm_nibblenest_roasted_corn_puffs,Roasted Corn Puffs - standard pack,standard pack,100,g,1,8900000000140,active,ambient,false,540,12,1905,"{""source_product_id"":""prd_qm_nibblenest_roasted_corn_puffs"",""variant_type"":""standard"",""display_pack_size"":""100 g"",""storage"":""ambient""}"
QM-SNK-0015-B,prd_qm_nibblenest_roasted_corn_puffs,Roasted Corn Puffs - family pack,family pack,200,g,1,8900000000141,active,ambient,false,540,12,1905,"{""source_product_id"":""prd_qm_nibblenest_roasted_corn_puffs"",""variant_type"":""larger"",""display_pack_size"":""200 g"",""storage"":""ambient""}"
QM-SNK-0016-A,prd_qm_crispkettle_masala_lentil_rings,Masala Lentil Rings - standard pack,standard pack,100,g,1,8900000000150,active,ambient,false,540,12,1905,"{""source_product_id"":""prd_qm_crispkettle_masala_lentil_rings"",""variant_type"":""standard"",""display_pack_size"":""100 g"",""storage"":""ambient""}"
QM-SNK-0016-B,prd_qm_crispkettle_masala_lentil_rings,Masala Lentil Rings - family pack,family pack,200,g,1,8900000000151,active,ambient,false,540,12,1905,"{""source_product_id"":""prd_qm_crispkettle_masala_lentil_rings"",""variant_type"":""larger"",""display_pack_size"":""200 g"",""storage"":""ambient""}"
QM-SNK-0017-A,prd_qm_munchmitra_spiced_gram_sev,Spiced Gram Sev - standard pack,standard pack,100,g,1,8900000000160,active,ambient,false,540,12,1905,"{""source_product_id"":""prd_qm_munchmitra_spiced_gram_sev"",""variant_type"":""standard"",""display_pack_size"":""100 g"",""storage"":""ambient""}"
QM-SNK-0017-B,prd_qm_munchmitra_spiced_gram_sev,Spiced Gram Sev - family pack,family pack,200,g,1,8900000000161,active,ambient,false,540,12,1905,"{""source_product_id"":""prd_qm_munchmitra_spiced_gram_sev"",""variant_type"":""larger"",""display_pack_size"":""200 g"",""storage"":""ambient""}"
QM-SNK-0018-A,prd_qm_nibblenest_tangy_trail_mix,Tangy Trail Mix - standard pack,standard pack,100,g,1,8900000000170,active,ambient,false,540,12,1905,"{""source_product_id"":""prd_qm_nibblenest_tangy_trail_mix"",""variant_type"":""standard"",""display_pack_size"":""100 g"",""storage"":""ambient""}"
QM-SNK-0018-B,prd_qm_nibblenest_tangy_trail_mix,Tangy Trail Mix - family pack,family pack,200,g,1,8900000000171,active,ambient,false,540,12,1905,"{""source_product_id"":""prd_qm_nibblenest_tangy_trail_mix"",""variant_type"":""larger"",""display_pack_size"":""200 g"",""storage"":""ambient""}"
QM-SNK-0019-A,prd_qm_crispkettle_peanut_jaggery_brittle,Peanut Jaggery Brittle - standard pack,standard pack,100,g,1,8900000000180,active,ambient,false,540,12,1905,"{""source_product_id"":""prd_qm_crispkettle_peanut_jaggery_brittle"",""variant_type"":""standard"",""display_pack_size"":""100 g"",""storage"":""ambient""}"
QM-SNK-0019-B,prd_qm_crispkettle_peanut_jaggery_brittle,Peanut Jaggery Brittle - family pack,family pack,200,g,1,8900000000181,active,ambient,false,540,12,1905,"{""source_product_id"":""prd_qm_crispkettle_peanut_jaggery_brittle"",""variant_type"":""larger"",""display_pack_size"":""200 g"",""storage"":""ambient""}"
QM-SNK-0020-A,prd_qm_munchmitra_roasted_chana_mix,Roasted Chana Mix - standard pack,standard pack,100,g,1,8900000000190,active,ambient,false,540,12,1905,"{""source_product_id"":""prd_qm_munchmitra_roasted_chana_mix"",""variant_type"":""standard"",""display_pack_size"":""100 g"",""storage"":""ambient""}"
QM-SNK-0020-B,prd_qm_munchmitra_roasted_chana_mix,Roasted Chana Mix - family pack,family pack,200,g,1,8900000000191,active,ambient,false,540,12,1905,"{""source_product_id"":""prd_qm_munchmitra_roasted_chana_mix"",""variant_type"":""larger"",""display_pack_size"":""200 g"",""storage"":""ambient""}"
QM-SNK-0021-A,prd_qm_nibblenest_rice_crackle_sticks,Rice Crackle Sticks - standard pack,standard pack,100,g,1,8900000000200,active,ambient,false,540,12,1905,"{""source_product_id"":""prd_qm_nibblenest_rice_crackle_sticks"",""variant_type"":""standard"",""display_pack_size"":""100 g"",""storage"":""ambient""}"
QM-SNK-0021-B,prd_qm_nibblenest_rice_crackle_sticks,Rice Crackle Sticks - family pack,family pack,200,g,1,8900000000201,active,ambient,false,540,12,1905,"{""source_product_id"":""prd_qm_nibblenest_rice_crackle_sticks"",""variant_type"":""larger"",""display_pack_size"":""200 g"",""storage"":""ambient""}"
QM-SNK-0022-A,prd_qm_crispkettle_cheese_corn_nachos,Cheese Corn Nachos - standard pack,standard pack,100,g,1,8900000000210,active,ambient,false,540,12,1905,"{""source_product_id"":""prd_qm_crispkettle_cheese_corn_nachos"",""variant_type"":""standard"",""display_pack_size"":""100 g"",""storage"":""ambient""}"
QM-SNK-0022-B,prd_qm_crispkettle_cheese_corn_nachos,Cheese Corn Nachos - family pack,family pack,200,g,1,8900000000211,active,ambient,false,540,12,1905,"{""source_product_id"":""prd_qm_crispkettle_cheese_corn_nachos"",""variant_type"":""larger"",""display_pack_size"":""200 g"",""storage"":""ambient""}"
QM-SNK-0023-A,prd_qm_munchmitra_pepper_banana_chips,Pepper Banana Chips - standard pack,standard pack,100,g,1,8900000000220,active,ambient,false,540,12,1905,"{""source_product_id"":""prd_qm_munchmitra_pepper_banana_chips"",""variant_type"":""standard"",""display_pack_size"":""100 g"",""storage"":""ambient""}"
QM-SNK-0023-B,prd_qm_munchmitra_pepper_banana_chips,Pepper Banana Chips - family pack,family pack,200,g,1,8900000000221,active,ambient,false,540,12,1905,"{""source_product_id"":""prd_qm_munchmitra_pepper_banana_chips"",""variant_type"":""larger"",""display_pack_size"":""200 g"",""storage"":""ambient""}"
QM-SNK-0024-A,prd_qm_nibblenest_cumin_mathri,Cumin Mathri - standard pack,standard pack,100,g,1,8900000000230,active,ambient,false,540,12,1905,"{""source_product_id"":""prd_qm_nibblenest_cumin_mathri"",""variant_type"":""standard"",""display_pack_size"":""100 g"",""storage"":""ambient""}"
QM-SNK-0024-B,prd_qm_nibblenest_cumin_mathri,Cumin Mathri - family pack,family pack,200,g,1,8900000000231,active,ambient,false,540,12,1905,"{""source_product_id"":""prd_qm_nibblenest_cumin_mathri"",""variant_type"":""larger"",""display_pack_size"":""200 g"",""storage"":""ambient""}"
QM-SNK-0025-A,prd_qm_crispkettle_baked_multigrain_chips,Baked Multigrain Chips - standard pack,standard pack,100,g,1,8900000000240,active,ambient,false,540,12,1905,"{""source_product_id"":""prd_qm_crispkettle_baked_multigrain_chips"",""variant_type"":""standard"",""display_pack_size"":""100 g"",""storage"":""ambient""}"
QM-SNK-0025-B,prd_qm_crispkettle_baked_multigrain_chips,Baked Multigrain Chips - family pack,family pack,200,g,1,8900000000241,active,ambient,false,540,12,1905,"{""source_product_id"":""prd_qm_crispkettle_baked_multigrain_chips"",""variant_type"":""larger"",""display_pack_size"":""200 g"",""storage"":""ambient""}"
QM-SNK-0026-A,prd_qm_munchmitra_savoury_millet_puffs,Savoury Millet Puffs - standard pack,standard pack,100,g,1,8900000000250,active,ambient,false,540,12,1905,"{""source_product_id"":""prd_qm_munchmitra_savoury_millet_puffs"",""variant_type"":""standard"",""display_pack_size"":""100 g"",""storage"":""ambient""}"
QM-SNK-0026-B,prd_qm_munchmitra_savoury_millet_puffs,Savoury Millet Puffs - family pack,family pack,200,g,1,8900000000251,active,ambient,false,540,12,1905,"{""source_product_id"":""prd_qm_munchmitra_savoury_millet_puffs"",""variant_type"":""larger"",""display_pack_size"":""200 g"",""storage"":""ambient""}"
QM-SNK-0027-A,prd_qm_nibblenest_chilli_garlic_peanuts,Chilli Garlic Peanuts - standard pack,standard pack,100,g,1,8900000000260,active,ambient,false,540,12,1905,"{""source_product_id"":""prd_qm_nibblenest_chilli_garlic_peanuts"",""variant_type"":""standard"",""display_pack_size"":""100 g"",""storage"":""ambient""}"
QM-SNK-0027-B,prd_qm_nibblenest_chilli_garlic_peanuts,Chilli Garlic Peanuts - family pack,family pack,200,g,1,8900000000261,active,ambient,false,540,12,1905,"{""source_product_id"":""prd_qm_nibblenest_chilli_garlic_peanuts"",""variant_type"":""larger"",""display_pack_size"":""200 g"",""storage"":""ambient""}"
QM-SNK-0028-A,prd_qm_crispkettle_sweet_plantain_crisps,Sweet Plantain Crisps - standard pack,standard pack,100,g,1,8900000000270,active,ambient,false,540,12,1905,"{""source_product_id"":""prd_qm_crispkettle_sweet_plantain_crisps"",""variant_type"":""standard"",""display_pack_size"":""100 g"",""storage"":""ambient""}"
QM-SNK-0028-B,prd_qm_crispkettle_sweet_plantain_crisps,Sweet Plantain Crisps - family pack,family pack,200,g,1,8900000000271,active,ambient,false,540,12,1905,"{""source_product_id"":""prd_qm_crispkettle_sweet_plantain_crisps"",""variant_type"":""larger"",""display_pack_size"":""200 g"",""storage"":""ambient""}"
QM-SNK-0029-A,prd_qm_munchmitra_herb_wafer_sticks,Herb Wafer Sticks - standard pack,standard pack,100,g,1,8900000000280,active,ambient,false,540,12,1905,"{""source_product_id"":""prd_qm_munchmitra_herb_wafer_sticks"",""variant_type"":""standard"",""display_pack_size"":""100 g"",""storage"":""ambient""}"
QM-SNK-0029-B,prd_qm_munchmitra_herb_wafer_sticks,Herb Wafer Sticks - family pack,family pack,200,g,1,8900000000281,active,ambient,false,540,12,1905,"{""source_product_id"":""prd_qm_munchmitra_herb_wafer_sticks"",""variant_type"":""larger"",""display_pack_size"":""200 g"",""storage"":""ambient""}"
QM-SNK-0030-A,prd_qm_nibblenest_caramel_popcorn,Caramel Popcorn - standard pack,standard pack,100,g,1,8900000000290,active,ambient,false,540,12,1905,"{""source_product_id"":""prd_qm_nibblenest_caramel_popcorn"",""variant_type"":""standard"",""display_pack_size"":""100 g"",""storage"":""ambient""}"
QM-SNK-0030-B,prd_qm_nibblenest_caramel_popcorn,Caramel Popcorn - family pack,family pack,200,g,1,8900000000291,active,ambient,false,540,12,1905,"{""source_product_id"":""prd_qm_nibblenest_caramel_popcorn"",""variant_type"":""larger"",""display_pack_size"":""200 g"",""storage"":""ambient""}"
QM-BEV-0031-A,prd_qm_fizzyleaf_sparkling_cola_drink,Sparkling Cola Drink - standard pack,standard pack,750,ml,1,8900000000300,active,ambient,false,90,12,1905,"{""source_product_id"":""prd_qm_fizzyleaf_sparkling_cola_drink"",""variant_type"":""standard"",""display_pack_size"":""750 ml"",""storage"":""ambient""}"
QM-BEV-0031-B,prd_qm_fizzyleaf_sparkling_cola_drink,Sparkling Cola Drink - family pack,family pack,1000,ml,1,8900000000301,active,ambient,false,90,12,1905,"{""source_product_id"":""prd_qm_fizzyleaf_sparkling_cola_drink"",""variant_type"":""larger"",""display_pack_size"":""1000 ml"",""storage"":""ambient""}"
QM-BEV-0032-A,prd_qm_pourhouse_lemon_lime_fizz,Lemon Lime Fizz - standard pack,standard pack,750,ml,1,8900000000310,active,ambient,false,90,12,1905,"{""source_product_id"":""prd_qm_pourhouse_lemon_lime_fizz"",""variant_type"":""standard"",""display_pack_size"":""750 ml"",""storage"":""ambient""}"
QM-BEV-0032-B,prd_qm_pourhouse_lemon_lime_fizz,Lemon Lime Fizz - family pack,family pack,1000,ml,1,8900000000311,active,ambient,false,90,12,1905,"{""source_product_id"":""prd_qm_pourhouse_lemon_lime_fizz"",""variant_type"":""larger"",""display_pack_size"":""1000 ml"",""storage"":""ambient""}"
QM-BEV-0033-A,prd_qm_sunsip_orange_sparkling_drink,Orange Sparkling Drink - standard pack,standard pack,750,ml,1,8900000000320,active,ambient,false,90,12,1905,"{""source_product_id"":""prd_qm_sunsip_orange_sparkling_drink"",""variant_type"":""standard"",""display_pack_size"":""750 ml"",""storage"":""ambient""}"
QM-BEV-0033-B,prd_qm_sunsip_orange_sparkling_drink,Orange Sparkling Drink - family pack,family pack,1000,ml,1,8900000000321,active,ambient,false,90,12,1905,"{""source_product_id"":""prd_qm_sunsip_orange_sparkling_drink"",""variant_type"":""larger"",""display_pack_size"":""1000 ml"",""storage"":""ambient""}"
QM-BEV-0034-A,prd_qm_fizzyleaf_ginger_ale,Ginger Ale - standard pack,standard pack,750,ml,1,8900000000330,active,ambient,false,90,12,1905,"{""source_product_id"":""prd_qm_fizzyleaf_ginger_ale"",""variant_type"":""standard"",""display_pack_size"":""750 ml"",""storage"":""ambient""}"
QM-BEV-0034-B,prd_qm_fizzyleaf_ginger_ale,Ginger Ale - family pack,family pack,1000,ml,1,8900000000331,active,ambient,false,90,12,1905,"{""source_product_id"":""prd_qm_fizzyleaf_ginger_ale"",""variant_type"":""larger"",""display_pack_size"":""1000 ml"",""storage"":""ambient""}"
QM-BEV-0035-A,prd_qm_pourhouse_mango_fruit_drink,Mango Fruit Drink - standard pack,standard pack,750,ml,1,8900000000340,active,ambient,false,90,12,1905,"{""source_product_id"":""prd_qm_pourhouse_mango_fruit_drink"",""variant_type"":""standard"",""display_pack_size"":""750 ml"",""storage"":""ambient""}"
QM-BEV-0035-B,prd_qm_pourhouse_mango_fruit_drink,Mango Fruit Drink - family pack,family pack,1000,ml,1,8900000000341,active,ambient,false,90,12,1905,"{""source_product_id"":""prd_qm_pourhouse_mango_fruit_drink"",""variant_type"":""larger"",""display_pack_size"":""1000 ml"",""storage"":""ambient""}"
QM-BEV-0036-A,prd_qm_sunsip_guava_fruit_drink,Guava Fruit Drink - standard pack,standard pack,750,ml,1,8900000000350,active,ambient,false,90,12,1905,"{""source_product_id"":""prd_qm_sunsip_guava_fruit_drink"",""variant_type"":""standard"",""display_pack_size"":""750 ml"",""storage"":""ambient""}"
QM-BEV-0036-B,prd_qm_sunsip_guava_fruit_drink,Guava Fruit Drink - family pack,family pack,1000,ml,1,8900000000351,active,ambient,false,90,12,1905,"{""source_product_id"":""prd_qm_sunsip_guava_fruit_drink"",""variant_type"":""larger"",""display_pack_size"":""1000 ml"",""storage"":""ambient""}"
QM-BEV-0037-A,prd_qm_fizzyleaf_mixed_fruit_nectar,Mixed Fruit Nectar - standard pack,standard pack,750,ml,1,8900000000360,active,ambient,false,90,12,1905,"{""source_product_id"":""prd_qm_fizzyleaf_mixed_fruit_nectar"",""variant_type"":""standard"",""display_pack_size"":""750 ml"",""storage"":""ambient""}"
QM-BEV-0037-B,prd_qm_fizzyleaf_mixed_fruit_nectar,Mixed Fruit Nectar - family pack,family pack,1000,ml,1,8900000000361,active,ambient,false,90,12,1905,"{""source_product_id"":""prd_qm_fizzyleaf_mixed_fruit_nectar"",""variant_type"":""larger"",""display_pack_size"":""1000 ml"",""storage"":""ambient""}"
QM-BEV-0038-A,prd_qm_pourhouse_tender_coconut_water,Tender Coconut Water - standard pack,standard pack,750,ml,1,8900000000370,active,ambient,false,90,12,1905,"{""source_product_id"":""prd_qm_pourhouse_tender_coconut_water"",""variant_type"":""standard"",""display_pack_size"":""750 ml"",""storage"":""ambient""}"
QM-BEV-0038-B,prd_qm_pourhouse_tender_coconut_water,Tender Coconut Water - family pack,family pack,1000,ml,1,8900000000371,active,ambient,false,90,12,1905,"{""source_product_id"":""prd_qm_pourhouse_tender_coconut_water"",""variant_type"":""larger"",""display_pack_size"":""1000 ml"",""storage"":""ambient""}"
QM-BEV-0039-A,prd_qm_sunsip_packaged_drinking_water,Packaged Drinking Water - standard pack,standard pack,750,ml,1,8900000000380,active,ambient,false,90,12,1905,"{""source_product_id"":""prd_qm_sunsip_packaged_drinking_water"",""variant_type"":""standard"",""display_pack_size"":""750 ml"",""storage"":""ambient""}"
QM-BEV-0039-B,prd_qm_sunsip_packaged_drinking_water,Packaged Drinking Water - family pack,family pack,1000,ml,1,8900000000381,active,ambient,false,90,12,1905,"{""source_product_id"":""prd_qm_sunsip_packaged_drinking_water"",""variant_type"":""larger"",""display_pack_size"":""1000 ml"",""storage"":""ambient""}"
QM-BEV-0040-A,prd_qm_fizzyleaf_soda_water,Soda Water - standard pack,standard pack,750,ml,1,8900000000390,active,ambient,false,90,12,1905,"{""source_product_id"":""prd_qm_fizzyleaf_soda_water"",""variant_type"":""standard"",""display_pack_size"":""750 ml"",""storage"":""ambient""}"
QM-BEV-0040-B,prd_qm_fizzyleaf_soda_water,Soda Water - family pack,family pack,1000,ml,1,8900000000391,active,ambient,false,90,12,1905,"{""source_product_id"":""prd_qm_fizzyleaf_soda_water"",""variant_type"":""larger"",""display_pack_size"":""1000 ml"",""storage"":""ambient""}"
QM-BEV-0041-A,prd_qm_pourhouse_peach_iced_tea,Peach Iced Tea - standard pack,standard pack,750,ml,1,8900000000400,active,ambient,false,90,12,1905,"{""source_product_id"":""prd_qm_pourhouse_peach_iced_tea"",""variant_type"":""standard"",""display_pack_size"":""750 ml"",""storage"":""ambient""}"
QM-BEV-0041-B,prd_qm_pourhouse_peach_iced_tea,Peach Iced Tea - family pack,family pack,1000,ml,1,8900000000401,active,ambient,false,90,12,1905,"{""source_product_id"":""prd_qm_pourhouse_peach_iced_tea"",""variant_type"":""larger"",""display_pack_size"":""1000 ml"",""storage"":""ambient""}"
QM-BEV-0042-A,prd_qm_sunsip_lemon_iced_tea,Lemon Iced Tea - standard pack,standard pack,750,ml,1,8900000000410,active,ambient,false,90,12,1905,"{""source_product_id"":""prd_qm_sunsip_lemon_iced_tea"",""variant_type"":""standard"",""display_pack_size"":""750 ml"",""storage"":""ambient""}"
QM-BEV-0042-B,prd_qm_sunsip_lemon_iced_tea,Lemon Iced Tea - family pack,family pack,1000,ml,1,8900000000411,active,ambient,false,90,12,1905,"{""source_product_id"":""prd_qm_sunsip_lemon_iced_tea"",""variant_type"":""larger"",""display_pack_size"":""1000 ml"",""storage"":""ambient""}"
QM-BEV-0043-A,prd_qm_fizzyleaf_classic_black_tea,Classic Black Tea - standard pack,standard pack,750,ml,1,8900000000420,active,ambient,false,90,12,1905,"{""source_product_id"":""prd_qm_fizzyleaf_classic_black_tea"",""variant_type"":""standard"",""display_pack_size"":""750 ml"",""storage"":""ambient""}"
QM-BEV-0043-B,prd_qm_fizzyleaf_classic_black_tea,Classic Black Tea - family pack,family pack,1000,ml,1,8900000000421,active,ambient,false,90,12,1905,"{""source_product_id"":""prd_qm_fizzyleaf_classic_black_tea"",""variant_type"":""larger"",""display_pack_size"":""1000 ml"",""storage"":""ambient""}"
QM-BEV-0044-A,prd_qm_pourhouse_cardamom_tea,Cardamom Tea - standard pack,standard pack,750,ml,1,8900000000430,active,ambient,false,90,12,1905,"{""source_product_id"":""prd_qm_pourhouse_cardamom_tea"",""variant_type"":""standard"",""display_pack_size"":""750 ml"",""storage"":""ambient""}"
QM-BEV-0044-B,prd_qm_pourhouse_cardamom_tea,Cardamom Tea - family pack,family pack,1000,ml,1,8900000000431,active,ambient,false,90,12,1905,"{""source_product_id"":""prd_qm_pourhouse_cardamom_tea"",""variant_type"":""larger"",""display_pack_size"":""1000 ml"",""storage"":""ambient""}"
QM-BEV-0045-A,prd_qm_sunsip_green_tea_bags,Green Tea Bags - standard pack,standard pack,750,ml,1,8900000000440,active,ambient,false,90,12,1905,"{""source_product_id"":""prd_qm_sunsip_green_tea_bags"",""variant_type"":""standard"",""display_pack_size"":""750 ml"",""storage"":""ambient""}"
QM-BEV-0045-B,prd_qm_sunsip_green_tea_bags,Green Tea Bags - family pack,family pack,1000,ml,1,8900000000441,active,ambient,false,90,12,1905,"{""source_product_id"":""prd_qm_sunsip_green_tea_bags"",""variant_type"":""larger"",""display_pack_size"":""1000 ml"",""storage"":""ambient""}"
QM-BEV-0046-A,prd_qm_fizzyleaf_ginger_tulsi_tea,Ginger Tulsi Tea - standard pack,standard pack,750,ml,1,8900000000450,active,ambient,false,90,12,1905,"{""source_product_id"":""prd_qm_fizzyleaf_ginger_tulsi_tea"",""variant_type"":""standard"",""display_pack_size"":""750 ml"",""storage"":""ambient""}"
QM-BEV-0046-B,prd_qm_fizzyleaf_ginger_tulsi_tea,Ginger Tulsi Tea - family pack,family pack,1000,ml,1,8900000000451,active,ambient,false,90,12,1905,"{""source_product_id"":""prd_qm_fizzyleaf_ginger_tulsi_tea"",""variant_type"":""larger"",""display_pack_size"":""1000 ml"",""storage"":""ambient""}"
QM-BEV-0047-A,prd_qm_pourhouse_instant_coffee_original,Instant Coffee Original - standard pack,standard pack,750,ml,1,8900000000460,active,ambient,false,90,12,1905,"{""source_product_id"":""prd_qm_pourhouse_instant_coffee_original"",""variant_type"":""standard"",""display_pack_size"":""750 ml"",""storage"":""ambient""}"
QM-BEV-0047-B,prd_qm_pourhouse_instant_coffee_original,Instant Coffee Original - family pack,family pack,1000,ml,1,8900000000461,active,ambient,false,90,12,1905,"{""source_product_id"":""prd_qm_pourhouse_instant_coffee_original"",""variant_type"":""larger"",""display_pack_size"":""1000 ml"",""storage"":""ambient""}"
QM-BEV-0048-A,prd_qm_sunsip_dark_roast_coffee,Dark Roast Coffee - standard pack,standard pack,750,ml,1,8900000000470,active,ambient,false,90,12,1905,"{""source_product_id"":""prd_qm_sunsip_dark_roast_coffee"",""variant_type"":""standard"",""display_pack_size"":""750 ml"",""storage"":""ambient""}"
QM-BEV-0048-B,prd_qm_sunsip_dark_roast_coffee,Dark Roast Coffee - family pack,family pack,1000,ml,1,8900000000471,active,ambient,false,90,12,1905,"{""source_product_id"":""prd_qm_sunsip_dark_roast_coffee"",""variant_type"":""larger"",""display_pack_size"":""1000 ml"",""storage"":""ambient""}"
QM-BEV-0049-A,prd_qm_fizzyleaf_filter_coffee_blend,Filter Coffee Blend - standard pack,standard pack,750,ml,1,8900000000480,active,ambient,false,90,12,1905,"{""source_product_id"":""prd_qm_fizzyleaf_filter_coffee_blend"",""variant_type"":""standard"",""display_pack_size"":""750 ml"",""storage"":""ambient""}"
QM-BEV-0049-B,prd_qm_fizzyleaf_filter_coffee_blend,Filter Coffee Blend - family pack,family pack,1000,ml,1,8900000000481,active,ambient,false,90,12,1905,"{""source_product_id"":""prd_qm_fizzyleaf_filter_coffee_blend"",""variant_type"":""larger"",""display_pack_size"":""1000 ml"",""storage"":""ambient""}"
QM-BEV-0050-A,prd_qm_pourhouse_cold_coffee_can,Cold Coffee Can - standard pack,standard pack,750,ml,1,8900000000490,active,ambient,false,90,12,1905,"{""source_product_id"":""prd_qm_pourhouse_cold_coffee_can"",""variant_type"":""standard"",""display_pack_size"":""750 ml"",""storage"":""ambient""}"
QM-BEV-0050-B,prd_qm_pourhouse_cold_coffee_can,Cold Coffee Can - family pack,family pack,1000,ml,1,8900000000491,active,ambient,false,90,12,1905,"{""source_product_id"":""prd_qm_pourhouse_cold_coffee_can"",""variant_type"":""larger"",""display_pack_size"":""1000 ml"",""storage"":""ambient""}"
QM-BEV-0051-A,prd_qm_sunsip_cocoa_malt_drink,Cocoa Malt Drink - standard pack,standard pack,750,ml,1,8900000000500,active,ambient,false,90,12,1905,"{""source_product_id"":""prd_qm_sunsip_cocoa_malt_drink"",""variant_type"":""standard"",""display_pack_size"":""750 ml"",""storage"":""ambient""}"
QM-BEV-0051-B,prd_qm_sunsip_cocoa_malt_drink,Cocoa Malt Drink - family pack,family pack,1000,ml,1,8900000000501,active,ambient,false,90,12,1905,"{""source_product_id"":""prd_qm_sunsip_cocoa_malt_drink"",""variant_type"":""larger"",""display_pack_size"":""1000 ml"",""storage"":""ambient""}"
QM-BEV-0052-A,prd_qm_fizzyleaf_salted_buttermilk,Salted Buttermilk - standard pack,standard pack,750,ml,1,8900000000510,active,ambient,false,90,12,1905,"{""source_product_id"":""prd_qm_fizzyleaf_salted_buttermilk"",""variant_type"":""standard"",""display_pack_size"":""750 ml"",""storage"":""ambient""}"
QM-BEV-0052-B,prd_qm_fizzyleaf_salted_buttermilk,Salted Buttermilk - family pack,family pack,1000,ml,1,8900000000511,active,ambient,false,90,12,1905,"{""source_product_id"":""prd_qm_fizzyleaf_salted_buttermilk"",""variant_type"":""larger"",""display_pack_size"":""1000 ml"",""storage"":""ambient""}"
QM-BEV-0053-A,prd_qm_pourhouse_plain_lassi,Plain Lassi - standard pack,standard pack,750,ml,1,8900000000520,active,ambient,false,90,12,1905,"{""source_product_id"":""prd_qm_pourhouse_plain_lassi"",""variant_type"":""standard"",""display_pack_size"":""750 ml"",""storage"":""ambient""}"
QM-BEV-0053-B,prd_qm_pourhouse_plain_lassi,Plain Lassi - family pack,family pack,1000,ml,1,8900000000521,active,ambient,false,90,12,1905,"{""source_product_id"":""prd_qm_pourhouse_plain_lassi"",""variant_type"":""larger"",""display_pack_size"":""1000 ml"",""storage"":""ambient""}"
QM-BEV-0054-A,prd_qm_sunsip_mango_lassi,Mango Lassi - standard pack,standard pack,750,ml,1,8900000000530,active,ambient,false,90,12,1905,"{""source_product_id"":""prd_qm_sunsip_mango_lassi"",""variant_type"":""standard"",""display_pack_size"":""750 ml"",""storage"":""ambient""}"
QM-BEV-0054-B,prd_qm_sunsip_mango_lassi,Mango Lassi - family pack,family pack,1000,ml,1,8900000000531,active,ambient,false,90,12,1905,"{""source_product_id"":""prd_qm_sunsip_mango_lassi"",""variant_type"":""larger"",""display_pack_size"":""1000 ml"",""storage"":""ambient""}"
QM-BEV-0055-A,prd_qm_fizzyleaf_berry_fruit_drink,Berry Fruit Drink - standard pack,standard pack,750,ml,1,8900000000540,active,ambient,false,90,12,1905,"{""source_product_id"":""prd_qm_fizzyleaf_berry_fruit_drink"",""variant_type"":""standard"",""display_pack_size"":""750 ml"",""storage"":""ambient""}"
QM-BEV-0055-B,prd_qm_fizzyleaf_berry_fruit_drink,Berry Fruit Drink - family pack,family pack,1000,ml,1,8900000000541,active,ambient,false,90,12,1905,"{""source_product_id"":""prd_qm_fizzyleaf_berry_fruit_drink"",""variant_type"":""larger"",""display_pack_size"":""1000 ml"",""storage"":""ambient""}"
QM-BEV-0056-A,prd_qm_pourhouse_pomegranate_juice,Pomegranate Juice - standard pack,standard pack,750,ml,1,8900000000550,active,ambient,false,90,12,1905,"{""source_product_id"":""prd_qm_pourhouse_pomegranate_juice"",""variant_type"":""standard"",""display_pack_size"":""750 ml"",""storage"":""ambient""}"
QM-BEV-0056-B,prd_qm_pourhouse_pomegranate_juice,Pomegranate Juice - family pack,family pack,1000,ml,1,8900000000551,active,ambient,false,90,12,1905,"{""source_product_id"":""prd_qm_pourhouse_pomegranate_juice"",""variant_type"":""larger"",""display_pack_size"":""1000 ml"",""storage"":""ambient""}"
QM-BEV-0057-A,prd_qm_sunsip_apple_juice,Apple Juice - standard pack,standard pack,750,ml,1,8900000000560,active,ambient,false,90,12,1905,"{""source_product_id"":""prd_qm_sunsip_apple_juice"",""variant_type"":""standard"",""display_pack_size"":""750 ml"",""storage"":""ambient""}"
QM-BEV-0057-B,prd_qm_sunsip_apple_juice,Apple Juice - family pack,family pack,1000,ml,1,8900000000561,active,ambient,false,90,12,1905,"{""source_product_id"":""prd_qm_sunsip_apple_juice"",""variant_type"":""larger"",""display_pack_size"":""1000 ml"",""storage"":""ambient""}"
QM-BEV-0058-A,prd_qm_fizzyleaf_orange_juice,Orange Juice - standard pack,standard pack,750,ml,1,8900000000570,active,ambient,false,90,12,1905,"{""source_product_id"":""prd_qm_fizzyleaf_orange_juice"",""variant_type"":""standard"",""display_pack_size"":""750 ml"",""storage"":""ambient""}"
QM-BEV-0058-B,prd_qm_fizzyleaf_orange_juice,Orange Juice - family pack,family pack,1000,ml,1,8900000000571,active,ambient,false,90,12,1905,"{""source_product_id"":""prd_qm_fizzyleaf_orange_juice"",""variant_type"":""larger"",""display_pack_size"":""1000 ml"",""storage"":""ambient""}"
QM-BEV-0059-A,prd_qm_pourhouse_lemonade,Lemonade - standard pack,standard pack,750,ml,1,8900000000580,active,ambient,false,90,12,1905,"{""source_product_id"":""prd_qm_pourhouse_lemonade"",""variant_type"":""standard"",""display_pack_size"":""750 ml"",""storage"":""ambient""}"
QM-BEV-0059-B,prd_qm_pourhouse_lemonade,Lemonade - family pack,family pack,1000,ml,1,8900000000581,active,ambient,false,90,12,1905,"{""source_product_id"":""prd_qm_pourhouse_lemonade"",""variant_type"":""larger"",""display_pack_size"":""1000 ml"",""storage"":""ambient""}"
QM-BEV-0060-A,prd_qm_sunsip_electrolyte_orange_drink,Electrolyte Orange Drink - standard pack,standard pack,750,ml,1,8900000000590,active,ambient,false,90,12,1905,"{""source_product_id"":""prd_qm_sunsip_electrolyte_orange_drink"",""variant_type"":""standard"",""display_pack_size"":""750 ml"",""storage"":""ambient""}"
QM-BEV-0060-B,prd_qm_sunsip_electrolyte_orange_drink,Electrolyte Orange Drink - family pack,family pack,1000,ml,1,8900000000591,active,ambient,false,90,12,1905,"{""source_product_id"":""prd_qm_sunsip_electrolyte_orange_drink"",""variant_type"":""larger"",""display_pack_size"":""1000 ml"",""storage"":""ambient""}"
QM-FPR-0061-A,prd_qm_greenbasket_robusta_banana,Robusta Banana - standard pack,standard pack,500,g,1,8900000000600,active,ambient,true,5,4,0709,"{""source_product_id"":""prd_qm_greenbasket_robusta_banana"",""variant_type"":""standard"",""display_pack_size"":""500 g"",""storage"":""ambient""}"
QM-FPR-0061-B,prd_qm_greenbasket_robusta_banana,Robusta Banana - family pack,family pack,1000,g,1,8900000000601,active,ambient,true,5,4,0709,"{""source_product_id"":""prd_qm_greenbasket_robusta_banana"",""variant_type"":""larger"",""display_pack_size"":""1000 g"",""storage"":""ambient""}"
QM-FPR-0062-A,prd_qm_dailyharvest_alphonso_mango,Alphonso Mango - standard pack,standard pack,500,g,1,8900000000610,active,ambient,true,5,4,0709,"{""source_product_id"":""prd_qm_dailyharvest_alphonso_mango"",""variant_type"":""standard"",""display_pack_size"":""500 g"",""storage"":""ambient""}"
QM-FPR-0062-B,prd_qm_dailyharvest_alphonso_mango,Alphonso Mango - family pack,family pack,1000,g,1,8900000000611,active,ambient,true,5,4,0709,"{""source_product_id"":""prd_qm_dailyharvest_alphonso_mango"",""variant_type"":""larger"",""display_pack_size"":""1000 g"",""storage"":""ambient""}"
QM-FPR-0063-A,prd_qm_freshroute_kesar_mango,Kesar Mango - standard pack,standard pack,500,g,1,8900000000620,active,ambient,true,5,4,0709,"{""source_product_id"":""prd_qm_freshroute_kesar_mango"",""variant_type"":""standard"",""display_pack_size"":""500 g"",""storage"":""ambient""}"
QM-FPR-0063-B,prd_qm_freshroute_kesar_mango,Kesar Mango - family pack,family pack,1000,g,1,8900000000621,active,ambient,true,5,4,0709,"{""source_product_id"":""prd_qm_freshroute_kesar_mango"",""variant_type"":""larger"",""display_pack_size"":""1000 g"",""storage"":""ambient""}"
QM-FPR-0064-A,prd_qm_greenbasket_red_delicious_apple,Red Delicious Apple - standard pack,standard pack,500,g,1,8900000000630,active,ambient,true,5,4,0709,"{""source_product_id"":""prd_qm_greenbasket_red_delicious_apple"",""variant_type"":""standard"",""display_pack_size"":""500 g"",""storage"":""ambient""}"
QM-FPR-0064-B,prd_qm_greenbasket_red_delicious_apple,Red Delicious Apple - family pack,family pack,1000,g,1,8900000000631,active,ambient,true,5,4,0709,"{""source_product_id"":""prd_qm_greenbasket_red_delicious_apple"",""variant_type"":""larger"",""display_pack_size"":""1000 g"",""storage"":""ambient""}"
QM-FPR-0065-A,prd_qm_dailyharvest_green_apple,Green Apple - standard pack,standard pack,500,g,1,8900000000640,active,ambient,true,5,4,0709,"{""source_product_id"":""prd_qm_dailyharvest_green_apple"",""variant_type"":""standard"",""display_pack_size"":""500 g"",""storage"":""ambient""}"
QM-FPR-0065-B,prd_qm_dailyharvest_green_apple,Green Apple - family pack,family pack,1000,g,1,8900000000641,active,ambient,true,5,4,0709,"{""source_product_id"":""prd_qm_dailyharvest_green_apple"",""variant_type"":""larger"",""display_pack_size"":""1000 g"",""storage"":""ambient""}"
QM-FPR-0066-A,prd_qm_freshroute_nagpur_orange,Nagpur Orange - standard pack,standard pack,500,g,1,8900000000650,active,ambient,true,5,4,0709,"{""source_product_id"":""prd_qm_freshroute_nagpur_orange"",""variant_type"":""standard"",""display_pack_size"":""500 g"",""storage"":""ambient""}"
QM-FPR-0066-B,prd_qm_freshroute_nagpur_orange,Nagpur Orange - family pack,family pack,1000,g,1,8900000000651,active,ambient,true,5,4,0709,"{""source_product_id"":""prd_qm_freshroute_nagpur_orange"",""variant_type"":""larger"",""display_pack_size"":""1000 g"",""storage"":""ambient""}"
QM-FPR-0067-A,prd_qm_greenbasket_sweet_lime,Sweet Lime - standard pack,standard pack,500,g,1,8900000000660,active,ambient,true,5,4,0709,"{""source_product_id"":""prd_qm_greenbasket_sweet_lime"",""variant_type"":""standard"",""display_pack_size"":""500 g"",""storage"":""ambient""}"
QM-FPR-0067-B,prd_qm_greenbasket_sweet_lime,Sweet Lime - family pack,family pack,1000,g,1,8900000000661,active,ambient,true,5,4,0709,"{""source_product_id"":""prd_qm_greenbasket_sweet_lime"",""variant_type"":""larger"",""display_pack_size"":""1000 g"",""storage"":""ambient""}"
QM-FPR-0068-A,prd_qm_dailyharvest_papaya,Papaya - standard pack,standard pack,500,g,1,8900000000670,active,ambient,true,5,4,0709,"{""source_product_id"":""prd_qm_dailyharvest_papaya"",""variant_type"":""standard"",""display_pack_size"":""500 g"",""storage"":""ambient""}"
QM-FPR-0068-B,prd_qm_dailyharvest_papaya,Papaya - family pack,family pack,1000,g,1,8900000000671,active,ambient,true,5,4,0709,"{""source_product_id"":""prd_qm_dailyharvest_papaya"",""variant_type"":""larger"",""display_pack_size"":""1000 g"",""storage"":""ambient""}"
QM-FPR-0069-A,prd_qm_freshroute_pomegranate,Pomegranate - standard pack,standard pack,500,g,1,8900000000680,active,ambient,true,5,4,0709,"{""source_product_id"":""prd_qm_freshroute_pomegranate"",""variant_type"":""standard"",""display_pack_size"":""500 g"",""storage"":""ambient""}"
QM-FPR-0069-B,prd_qm_freshroute_pomegranate,Pomegranate - family pack,family pack,1000,g,1,8900000000681,active,ambient,true,5,4,0709,"{""source_product_id"":""prd_qm_freshroute_pomegranate"",""variant_type"":""larger"",""display_pack_size"":""1000 g"",""storage"":""ambient""}"
QM-FPR-0070-A,prd_qm_greenbasket_green_grapes,Green Grapes - standard pack,standard pack,500,g,1,8900000000690,active,ambient,true,5,4,0709,"{""source_product_id"":""prd_qm_greenbasket_green_grapes"",""variant_type"":""standard"",""display_pack_size"":""500 g"",""storage"":""ambient""}"
QM-FPR-0070-B,prd_qm_greenbasket_green_grapes,Green Grapes - family pack,family pack,1000,g,1,8900000000691,active,ambient,true,5,4,0709,"{""source_product_id"":""prd_qm_greenbasket_green_grapes"",""variant_type"":""larger"",""display_pack_size"":""1000 g"",""storage"":""ambient""}"
QM-FPR-0071-A,prd_qm_dailyharvest_black_grapes,Black Grapes - standard pack,standard pack,500,g,1,8900000000700,active,ambient,true,5,4,0709,"{""source_product_id"":""prd_qm_dailyharvest_black_grapes"",""variant_type"":""standard"",""display_pack_size"":""500 g"",""storage"":""ambient""}"
QM-FPR-0071-B,prd_qm_dailyharvest_black_grapes,Black Grapes - family pack,family pack,1000,g,1,8900000000701,active,ambient,true,5,4,0709,"{""source_product_id"":""prd_qm_dailyharvest_black_grapes"",""variant_type"":""larger"",""display_pack_size"":""1000 g"",""storage"":""ambient""}"
QM-FPR-0072-A,prd_qm_freshroute_guava,Guava - standard pack,standard pack,500,g,1,8900000000710,active,ambient,true,5,4,0709,"{""source_product_id"":""prd_qm_freshroute_guava"",""variant_type"":""standard"",""display_pack_size"":""500 g"",""storage"":""ambient""}"
QM-FPR-0072-B,prd_qm_freshroute_guava,Guava - family pack,family pack,1000,g,1,8900000000711,active,ambient,true,5,4,0709,"{""source_product_id"":""prd_qm_freshroute_guava"",""variant_type"":""larger"",""display_pack_size"":""1000 g"",""storage"":""ambient""}"
QM-FPR-0073-A,prd_qm_greenbasket_pineapple,Pineapple - standard pack,standard pack,500,g,1,8900000000720,active,ambient,true,5,4,0709,"{""source_product_id"":""prd_qm_greenbasket_pineapple"",""variant_type"":""standard"",""display_pack_size"":""500 g"",""storage"":""ambient""}"
QM-FPR-0073-B,prd_qm_greenbasket_pineapple,Pineapple - family pack,family pack,1000,g,1,8900000000721,active,ambient,true,5,4,0709,"{""source_product_id"":""prd_qm_greenbasket_pineapple"",""variant_type"":""larger"",""display_pack_size"":""1000 g"",""storage"":""ambient""}"
QM-FPR-0074-A,prd_qm_dailyharvest_watermelon,Watermelon - standard pack,standard pack,500,g,1,8900000000730,active,ambient,true,5,4,0709,"{""source_product_id"":""prd_qm_dailyharvest_watermelon"",""variant_type"":""standard"",""display_pack_size"":""500 g"",""storage"":""ambient""}"
QM-FPR-0074-B,prd_qm_dailyharvest_watermelon,Watermelon - family pack,family pack,1000,g,1,8900000000731,active,ambient,true,5,4,0709,"{""source_product_id"":""prd_qm_dailyharvest_watermelon"",""variant_type"":""larger"",""display_pack_size"":""1000 g"",""storage"":""ambient""}"
QM-FPR-0075-A,prd_qm_freshroute_muskmelon,Muskmelon - standard pack,standard pack,500,g,1,8900000000740,active,ambient,true,5,4,0709,"{""source_product_id"":""prd_qm_freshroute_muskmelon"",""variant_type"":""standard"",""display_pack_size"":""500 g"",""storage"":""ambient""}"
QM-FPR-0075-B,prd_qm_freshroute_muskmelon,Muskmelon - family pack,family pack,1000,g,1,8900000000741,active,ambient,true,5,4,0709,"{""source_product_id"":""prd_qm_freshroute_muskmelon"",""variant_type"":""larger"",""display_pack_size"":""1000 g"",""storage"":""ambient""}"
QM-FPR-0076-A,prd_qm_greenbasket_kiwi,Kiwi - standard pack,standard pack,500,g,1,8900000000750,active,ambient,true,5,4,0709,"{""source_product_id"":""prd_qm_greenbasket_kiwi"",""variant_type"":""standard"",""display_pack_size"":""500 g"",""storage"":""ambient""}"
QM-FPR-0076-B,prd_qm_greenbasket_kiwi,Kiwi - family pack,family pack,1000,g,1,8900000000751,active,ambient,true,5,4,0709,"{""source_product_id"":""prd_qm_greenbasket_kiwi"",""variant_type"":""larger"",""display_pack_size"":""1000 g"",""storage"":""ambient""}"
QM-FPR-0077-A,prd_qm_dailyharvest_pear,Pear - standard pack,standard pack,500,g,1,8900000000760,active,ambient,true,5,4,0709,"{""source_product_id"":""prd_qm_dailyharvest_pear"",""variant_type"":""standard"",""display_pack_size"":""500 g"",""storage"":""ambient""}"
QM-FPR-0077-B,prd_qm_dailyharvest_pear,Pear - family pack,family pack,1000,g,1,8900000000761,active,ambient,true,5,4,0709,"{""source_product_id"":""prd_qm_dailyharvest_pear"",""variant_type"":""larger"",""display_pack_size"":""1000 g"",""storage"":""ambient""}"
QM-FPR-0078-A,prd_qm_freshroute_dragon_fruit,Dragon Fruit - standard pack,standard pack,500,g,1,8900000000770,active,ambient,true,5,4,0709,"{""source_product_id"":""prd_qm_freshroute_dragon_fruit"",""variant_type"":""standard"",""display_pack_size"":""500 g"",""storage"":""ambient""}"
QM-FPR-0078-B,prd_qm_freshroute_dragon_fruit,Dragon Fruit - family pack,family pack,1000,g,1,8900000000771,active,ambient,true,5,4,0709,"{""source_product_id"":""prd_qm_freshroute_dragon_fruit"",""variant_type"":""larger"",""display_pack_size"":""1000 g"",""storage"":""ambient""}"
QM-FPR-0079-A,prd_qm_greenbasket_tender_coconut,Tender Coconut - standard pack,standard pack,500,g,1,8900000000780,active,ambient,true,5,4,0709,"{""source_product_id"":""prd_qm_greenbasket_tender_coconut"",""variant_type"":""standard"",""display_pack_size"":""500 g"",""storage"":""ambient""}"
QM-FPR-0079-B,prd_qm_greenbasket_tender_coconut,Tender Coconut - family pack,family pack,1000,g,1,8900000000781,active,ambient,true,5,4,0709,"{""source_product_id"":""prd_qm_greenbasket_tender_coconut"",""variant_type"":""larger"",""display_pack_size"":""1000 g"",""storage"":""ambient""}"
QM-FPR-0080-A,prd_qm_dailyharvest_strawberry,Strawberry - standard pack,standard pack,500,g,1,8900000000790,active,ambient,true,5,4,0709,"{""source_product_id"":""prd_qm_dailyharvest_strawberry"",""variant_type"":""standard"",""display_pack_size"":""500 g"",""storage"":""ambient""}"
QM-FPR-0080-B,prd_qm_dailyharvest_strawberry,Strawberry - family pack,family pack,1000,g,1,8900000000791,active,ambient,true,5,4,0709,"{""source_product_id"":""prd_qm_dailyharvest_strawberry"",""variant_type"":""larger"",""display_pack_size"":""1000 g"",""storage"":""ambient""}"
QM-FPR-0081-A,prd_qm_freshroute_blueberry,Blueberry - standard pack,standard pack,500,g,1,8900000000800,active,ambient,true,5,4,0709,"{""source_product_id"":""prd_qm_freshroute_blueberry"",""variant_type"":""standard"",""display_pack_size"":""500 g"",""storage"":""ambient""}"
QM-FPR-0081-B,prd_qm_freshroute_blueberry,Blueberry - family pack,family pack,1000,g,1,8900000000801,active,ambient,true,5,4,0709,"{""source_product_id"":""prd_qm_freshroute_blueberry"",""variant_type"":""larger"",""display_pack_size"":""1000 g"",""storage"":""ambient""}"
QM-FPR-0082-A,prd_qm_greenbasket_chikoo,Chikoo - standard pack,standard pack,500,g,1,8900000000810,active,ambient,true,5,4,0709,"{""source_product_id"":""prd_qm_greenbasket_chikoo"",""variant_type"":""standard"",""display_pack_size"":""500 g"",""storage"":""ambient""}"
QM-FPR-0082-B,prd_qm_greenbasket_chikoo,Chikoo - family pack,family pack,1000,g,1,8900000000811,active,ambient,true,5,4,0709,"{""source_product_id"":""prd_qm_greenbasket_chikoo"",""variant_type"":""larger"",""display_pack_size"":""1000 g"",""storage"":""ambient""}"
QM-FPR-0083-A,prd_qm_dailyharvest_plum,Plum - standard pack,standard pack,500,g,1,8900000000820,active,ambient,true,5,4,0709,"{""source_product_id"":""prd_qm_dailyharvest_plum"",""variant_type"":""standard"",""display_pack_size"":""500 g"",""storage"":""ambient""}"
QM-FPR-0083-B,prd_qm_dailyharvest_plum,Plum - family pack,family pack,1000,g,1,8900000000821,active,ambient,true,5,4,0709,"{""source_product_id"":""prd_qm_dailyharvest_plum"",""variant_type"":""larger"",""display_pack_size"":""1000 g"",""storage"":""ambient""}"
QM-FPR-0084-A,prd_qm_freshroute_peach,Peach - standard pack,standard pack,500,g,1,8900000000830,active,ambient,true,5,4,0709,"{""source_product_id"":""prd_qm_freshroute_peach"",""variant_type"":""standard"",""display_pack_size"":""500 g"",""storage"":""ambient""}"
QM-FPR-0084-B,prd_qm_freshroute_peach,Peach - family pack,family pack,1000,g,1,8900000000831,active,ambient,true,5,4,0709,"{""source_product_id"":""prd_qm_freshroute_peach"",""variant_type"":""larger"",""display_pack_size"":""1000 g"",""storage"":""ambient""}"
QM-FPR-0085-A,prd_qm_greenbasket_litchi,Litchi - standard pack,standard pack,500,g,1,8900000000840,active,ambient,true,5,4,0709,"{""source_product_id"":""prd_qm_greenbasket_litchi"",""variant_type"":""standard"",""display_pack_size"":""500 g"",""storage"":""ambient""}"
QM-FPR-0085-B,prd_qm_greenbasket_litchi,Litchi - family pack,family pack,1000,g,1,8900000000841,active,ambient,true,5,4,0709,"{""source_product_id"":""prd_qm_greenbasket_litchi"",""variant_type"":""larger"",""display_pack_size"":""1000 g"",""storage"":""ambient""}"
QM-FPR-0086-A,prd_qm_dailyharvest_avocado,Avocado - standard pack,standard pack,500,g,1,8900000000850,active,ambient,true,5,4,0709,"{""source_product_id"":""prd_qm_dailyharvest_avocado"",""variant_type"":""standard"",""display_pack_size"":""500 g"",""storage"":""ambient""}"
QM-FPR-0086-B,prd_qm_dailyharvest_avocado,Avocado - family pack,family pack,1000,g,1,8900000000851,active,ambient,true,5,4,0709,"{""source_product_id"":""prd_qm_dailyharvest_avocado"",""variant_type"":""larger"",""display_pack_size"":""1000 g"",""storage"":""ambient""}"
QM-FPR-0087-A,prd_qm_freshroute_hybrid_tomato,Hybrid Tomato - standard pack,standard pack,500,g,1,8900000000860,active,ambient,true,5,4,0709,"{""source_product_id"":""prd_qm_freshroute_hybrid_tomato"",""variant_type"":""standard"",""display_pack_size"":""500 g"",""storage"":""ambient""}"
QM-FPR-0087-B,prd_qm_freshroute_hybrid_tomato,Hybrid Tomato - family pack,family pack,1000,g,1,8900000000861,active,ambient,true,5,4,0709,"{""source_product_id"":""prd_qm_freshroute_hybrid_tomato"",""variant_type"":""larger"",""display_pack_size"":""1000 g"",""storage"":""ambient""}"
QM-FPR-0088-A,prd_qm_greenbasket_red_onion,Red Onion - standard pack,standard pack,500,g,1,8900000000870,active,ambient,true,5,4,0709,"{""source_product_id"":""prd_qm_greenbasket_red_onion"",""variant_type"":""standard"",""display_pack_size"":""500 g"",""storage"":""ambient""}"
QM-FPR-0088-B,prd_qm_greenbasket_red_onion,Red Onion - family pack,family pack,1000,g,1,8900000000871,active,ambient,true,5,4,0709,"{""source_product_id"":""prd_qm_greenbasket_red_onion"",""variant_type"":""larger"",""display_pack_size"":""1000 g"",""storage"":""ambient""}"
QM-FPR-0089-A,prd_qm_dailyharvest_table_potato,Table Potato - standard pack,standard pack,500,g,1,8900000000880,active,ambient,true,5,4,0709,"{""source_product_id"":""prd_qm_dailyharvest_table_potato"",""variant_type"":""standard"",""display_pack_size"":""500 g"",""storage"":""ambient""}"
QM-FPR-0089-B,prd_qm_dailyharvest_table_potato,Table Potato - family pack,family pack,1000,g,1,8900000000881,active,ambient,true,5,4,0709,"{""source_product_id"":""prd_qm_dailyharvest_table_potato"",""variant_type"":""larger"",""display_pack_size"":""1000 g"",""storage"":""ambient""}"
QM-FPR-0090-A,prd_qm_freshroute_green_capsicum,Green Capsicum - standard pack,standard pack,500,g,1,8900000000890,active,ambient,true,5,4,0709,"{""source_product_id"":""prd_qm_freshroute_green_capsicum"",""variant_type"":""standard"",""display_pack_size"":""500 g"",""storage"":""ambient""}"
QM-FPR-0090-B,prd_qm_freshroute_green_capsicum,Green Capsicum - family pack,family pack,1000,g,1,8900000000891,active,ambient,true,5,4,0709,"{""source_product_id"":""prd_qm_freshroute_green_capsicum"",""variant_type"":""larger"",""display_pack_size"":""1000 g"",""storage"":""ambient""}"
QM-MTS-0091-A,prd_qm_harborcatch_chicken_curry_cut,Chicken Curry Cut - standard pack,standard pack,500,g,1,8900000000900,active,chilled,true,3,4,0207,"{""source_product_id"":""prd_qm_harborcatch_chicken_curry_cut"",""variant_type"":""standard"",""display_pack_size"":""500 g"",""storage"":""chilled""}"
QM-MTS-0091-B,prd_qm_harborcatch_chicken_curry_cut,Chicken Curry Cut - family pack,family pack,1000,g,1,8900000000901,active,chilled,true,3,4,0207,"{""source_product_id"":""prd_qm_harborcatch_chicken_curry_cut"",""variant_type"":""larger"",""display_pack_size"":""1000 g"",""storage"":""chilled""}"
QM-MTS-0092-A,prd_qm_meatbasket_chicken_breast_boneless,Chicken Breast Boneless - standard pack,standard pack,500,g,1,8900000000910,active,chilled,true,3,4,0207,"{""source_product_id"":""prd_qm_meatbasket_chicken_breast_boneless"",""variant_type"":""standard"",""display_pack_size"":""500 g"",""storage"":""chilled""}"
QM-MTS-0092-B,prd_qm_meatbasket_chicken_breast_boneless,Chicken Breast Boneless - family pack,family pack,1000,g,1,8900000000911,active,chilled,true,3,4,0207,"{""source_product_id"":""prd_qm_meatbasket_chicken_breast_boneless"",""variant_type"":""larger"",""display_pack_size"":""1000 g"",""storage"":""chilled""}"
QM-MTS-0093-A,prd_qm_coastalcut_chicken_thigh_boneless,Chicken Thigh Boneless - standard pack,standard pack,500,g,1,8900000000920,active,chilled,true,3,4,0207,"{""source_product_id"":""prd_qm_coastalcut_chicken_thigh_boneless"",""variant_type"":""standard"",""display_pack_size"":""500 g"",""storage"":""chilled""}"
QM-MTS-0093-B,prd_qm_coastalcut_chicken_thigh_boneless,Chicken Thigh Boneless - family pack,family pack,1000,g,1,8900000000921,active,chilled,true,3,4,0207,"{""source_product_id"":""prd_qm_coastalcut_chicken_thigh_boneless"",""variant_type"":""larger"",""display_pack_size"":""1000 g"",""storage"":""chilled""}"
QM-MTS-0094-A,prd_qm_harborcatch_chicken_leg_cut,Chicken Leg Cut - standard pack,standard pack,500,g,1,8900000000930,active,chilled,true,3,4,0207,"{""source_product_id"":""prd_qm_harborcatch_chicken_leg_cut"",""variant_type"":""standard"",""display_pack_size"":""500 g"",""storage"":""chilled""}"
QM-MTS-0094-B,prd_qm_harborcatch_chicken_leg_cut,Chicken Leg Cut - family pack,family pack,1000,g,1,8900000000931,active,chilled,true,3,4,0207,"{""source_product_id"":""prd_qm_harborcatch_chicken_leg_cut"",""variant_type"":""larger"",""display_pack_size"":""1000 g"",""storage"":""chilled""}"
QM-MTS-0095-A,prd_qm_meatbasket_chicken_mince,Chicken Mince - standard pack,standard pack,500,g,1,8900000000940,active,chilled,true,3,4,0207,"{""source_product_id"":""prd_qm_meatbasket_chicken_mince"",""variant_type"":""standard"",""display_pack_size"":""500 g"",""storage"":""chilled""}"
QM-MTS-0095-B,prd_qm_meatbasket_chicken_mince,Chicken Mince - family pack,family pack,1000,g,1,8900000000941,active,chilled,true,3,4,0207,"{""source_product_id"":""prd_qm_meatbasket_chicken_mince"",""variant_type"":""larger"",""display_pack_size"":""1000 g"",""storage"":""chilled""}"
QM-MTS-0096-A,prd_qm_coastalcut_chicken_wings,Chicken Wings - standard pack,standard pack,500,g,1,8900000000950,active,chilled,true,3,4,0207,"{""source_product_id"":""prd_qm_coastalcut_chicken_wings"",""variant_type"":""standard"",""display_pack_size"":""500 g"",""storage"":""chilled""}"
QM-MTS-0096-B,prd_qm_coastalcut_chicken_wings,Chicken Wings - family pack,family pack,1000,g,1,8900000000951,active,chilled,true,3,4,0207,"{""source_product_id"":""prd_qm_coastalcut_chicken_wings"",""variant_type"":""larger"",""display_pack_size"":""1000 g"",""storage"":""chilled""}"
QM-MTS-0097-A,prd_qm_harborcatch_chicken_tikka_cut,Chicken Tikka Cut - standard pack,standard pack,500,g,1,8900000000960,active,chilled,true,3,4,0207,"{""source_product_id"":""prd_qm_harborcatch_chicken_tikka_cut"",""variant_type"":""standard"",""display_pack_size"":""500 g"",""storage"":""chilled""}"
QM-MTS-0097-B,prd_qm_harborcatch_chicken_tikka_cut,Chicken Tikka Cut - family pack,family pack,1000,g,1,8900000000961,active,chilled,true,3,4,0207,"{""source_product_id"":""prd_qm_harborcatch_chicken_tikka_cut"",""variant_type"":""larger"",""display_pack_size"":""1000 g"",""storage"":""chilled""}"
QM-MTS-0098-A,prd_qm_meatbasket_chicken_drumsticks,Chicken Drumsticks - standard pack,standard pack,500,g,1,8900000000970,active,chilled,true,3,4,0207,"{""source_product_id"":""prd_qm_meatbasket_chicken_drumsticks"",""variant_type"":""standard"",""display_pack_size"":""500 g"",""storage"":""chilled""}"
QM-MTS-0098-B,prd_qm_meatbasket_chicken_drumsticks,Chicken Drumsticks - family pack,family pack,1000,g,1,8900000000971,active,chilled,true,3,4,0207,"{""source_product_id"":""prd_qm_meatbasket_chicken_drumsticks"",""variant_type"":""larger"",""display_pack_size"":""1000 g"",""storage"":""chilled""}"
QM-MTS-0099-A,prd_qm_coastalcut_whole_chicken_cleaned,Whole Chicken Cleaned - standard pack,standard pack,500,g,1,8900000000980,active,chilled,true,3,4,0207,"{""source_product_id"":""prd_qm_coastalcut_whole_chicken_cleaned"",""variant_type"":""standard"",""display_pack_size"":""500 g"",""storage"":""chilled""}"
QM-MTS-0099-B,prd_qm_coastalcut_whole_chicken_cleaned,Whole Chicken Cleaned - family pack,family pack,1000,g,1,8900000000981,active,chilled,true,3,4,0207,"{""source_product_id"":""prd_qm_coastalcut_whole_chicken_cleaned"",""variant_type"":""larger"",""display_pack_size"":""1000 g"",""storage"":""chilled""}"
QM-MTS-0100-A,prd_qm_harborcatch_chicken_sausage,Chicken Sausage - standard pack,standard pack,500,g,1,8900000000990,active,chilled,true,3,4,0207,"{""source_product_id"":""prd_qm_harborcatch_chicken_sausage"",""variant_type"":""standard"",""display_pack_size"":""500 g"",""storage"":""chilled""}"
QM-MTS-0100-B,prd_qm_harborcatch_chicken_sausage,Chicken Sausage - family pack,family pack,1000,g,1,8900000000991,active,chilled,true,3,4,0207,"{""source_product_id"":""prd_qm_harborcatch_chicken_sausage"",""variant_type"":""larger"",""display_pack_size"":""1000 g"",""storage"":""chilled""}"
QM-MTS-0101-A,prd_qm_meatbasket_rohu_curry_cut,Rohu Curry Cut - standard pack,standard pack,500,g,1,8900000001000,active,chilled,true,3,4,0207,"{""source_product_id"":""prd_qm_meatbasket_rohu_curry_cut"",""variant_type"":""standard"",""display_pack_size"":""500 g"",""storage"":""chilled""}"
QM-MTS-0102-A,prd_qm_coastalcut_katla_curry_cut,Katla Curry Cut - standard pack,standard pack,500,g,1,8900000001010,active,chilled,true,3,4,0207,"{""source_product_id"":""prd_qm_coastalcut_katla_curry_cut"",""variant_type"":""standard"",""display_pack_size"":""500 g"",""storage"":""chilled""}"
QM-MTS-0103-A,prd_qm_harborcatch_rawas_fillet,Rawas Fillet - standard pack,standard pack,500,g,1,8900000001020,active,chilled,true,3,4,0207,"{""source_product_id"":""prd_qm_harborcatch_rawas_fillet"",""variant_type"":""standard"",""display_pack_size"":""500 g"",""storage"":""chilled""}"
QM-MTS-0104-A,prd_qm_meatbasket_basa_fillet,Basa Fillet - standard pack,standard pack,500,g,1,8900000001030,active,chilled,true,3,4,0207,"{""source_product_id"":""prd_qm_meatbasket_basa_fillet"",""variant_type"":""standard"",""display_pack_size"":""500 g"",""storage"":""chilled""}"
QM-MTS-0105-A,prd_qm_coastalcut_pomfret_cleaned,Pomfret Cleaned - standard pack,standard pack,500,g,1,8900000001040,active,chilled,true,3,4,0207,"{""source_product_id"":""prd_qm_coastalcut_pomfret_cleaned"",""variant_type"":""standard"",""display_pack_size"":""500 g"",""storage"":""chilled""}"
QM-MTS-0106-A,prd_qm_harborcatch_medium_prawns,Medium Prawns - standard pack,standard pack,500,g,1,8900000001050,active,chilled,true,3,4,0207,"{""source_product_id"":""prd_qm_harborcatch_medium_prawns"",""variant_type"":""standard"",""display_pack_size"":""500 g"",""storage"":""chilled""}"
QM-MTS-0107-A,prd_qm_meatbasket_tiger_prawns,Tiger Prawns - standard pack,standard pack,500,g,1,8900000001060,active,chilled,true,3,4,0207,"{""source_product_id"":""prd_qm_meatbasket_tiger_prawns"",""variant_type"":""standard"",""display_pack_size"":""500 g"",""storage"":""chilled""}"
QM-MTS-0108-A,prd_qm_coastalcut_squid_rings,Squid Rings - standard pack,standard pack,500,g,1,8900000001070,active,chilled,true,3,4,0207,"{""source_product_id"":""prd_qm_coastalcut_squid_rings"",""variant_type"":""standard"",""display_pack_size"":""500 g"",""storage"":""chilled""}"
QM-MTS-0109-A,prd_qm_harborcatch_mackerel_cleaned,Mackerel Cleaned - standard pack,standard pack,500,g,1,8900000001080,active,chilled,true,3,4,0207,"{""source_product_id"":""prd_qm_harborcatch_mackerel_cleaned"",""variant_type"":""standard"",""display_pack_size"":""500 g"",""storage"":""chilled""}"
QM-MTS-0110-A,prd_qm_meatbasket_surmai_steaks,Surmai Steaks - standard pack,standard pack,500,g,1,8900000001090,active,chilled,true,3,4,0207,"{""source_product_id"":""prd_qm_meatbasket_surmai_steaks"",""variant_type"":""standard"",""display_pack_size"":""500 g"",""storage"":""chilled""}"
QM-MTS-0111-A,prd_qm_coastalcut_salmon_fillet,Salmon Fillet - standard pack,standard pack,500,g,1,8900000001100,active,chilled,true,3,4,0207,"{""source_product_id"":""prd_qm_coastalcut_salmon_fillet"",""variant_type"":""standard"",""display_pack_size"":""500 g"",""storage"":""chilled""}"
QM-MTS-0112-A,prd_qm_harborcatch_fish_fry_cut,Fish Fry Cut - standard pack,standard pack,500,g,1,8900000001110,active,chilled,true,3,4,0207,"{""source_product_id"":""prd_qm_harborcatch_fish_fry_cut"",""variant_type"":""standard"",""display_pack_size"":""500 g"",""storage"":""chilled""}"
QM-MTS-0113-A,prd_qm_meatbasket_whole_crab,Whole Crab - standard pack,standard pack,500,g,1,8900000001120,active,chilled,true,3,4,0207,"{""source_product_id"":""prd_qm_meatbasket_whole_crab"",""variant_type"":""standard"",""display_pack_size"":""500 g"",""storage"":""chilled""}"
QM-MTS-0114-A,prd_qm_coastalcut_anchovy_cleaned,Anchovy Cleaned - standard pack,standard pack,500,g,1,8900000001130,active,chilled,true,3,4,0207,"{""source_product_id"":""prd_qm_coastalcut_anchovy_cleaned"",""variant_type"":""standard"",""display_pack_size"":""500 g"",""storage"":""chilled""}"
QM-MTS-0115-A,prd_qm_harborcatch_lamb_curry_cut,Lamb Curry Cut - standard pack,standard pack,500,g,1,8900000001140,active,chilled,true,3,4,0207,"{""source_product_id"":""prd_qm_harborcatch_lamb_curry_cut"",""variant_type"":""standard"",""display_pack_size"":""500 g"",""storage"":""chilled""}"
QM-MTS-0116-A,prd_qm_meatbasket_mutton_mince,Mutton Mince - standard pack,standard pack,500,g,1,8900000001150,active,chilled,true,3,4,0207,"{""source_product_id"":""prd_qm_meatbasket_mutton_mince"",""variant_type"":""standard"",""display_pack_size"":""500 g"",""storage"":""chilled""}"
QM-MTS-0117-A,prd_qm_coastalcut_mutton_chops,Mutton Chops - standard pack,standard pack,500,g,1,8900000001160,active,chilled,true,3,4,0207,"{""source_product_id"":""prd_qm_coastalcut_mutton_chops"",""variant_type"":""standard"",""display_pack_size"":""500 g"",""storage"":""chilled""}"
QM-MTS-0118-A,prd_qm_harborcatch_turkey_slices,Turkey Slices - standard pack,standard pack,500,g,1,8900000001170,active,chilled,true,3,4,0207,"{""source_product_id"":""prd_qm_harborcatch_turkey_slices"",""variant_type"":""standard"",""display_pack_size"":""500 g"",""storage"":""chilled""}"
QM-MTS-0119-A,prd_qm_meatbasket_marinated_chicken_tikka,Marinated Chicken Tikka - standard pack,standard pack,500,g,1,8900000001180,active,chilled,true,3,4,0207,"{""source_product_id"":""prd_qm_meatbasket_marinated_chicken_tikka"",""variant_type"":""standard"",""display_pack_size"":""500 g"",""storage"":""chilled""}"
QM-MTS-0120-A,prd_qm_coastalcut_fish_curry_pieces,Fish Curry Pieces - standard pack,standard pack,500,g,1,8900000001190,active,chilled,true,3,4,0207,"{""source_product_id"":""prd_qm_coastalcut_fish_curry_pieces"",""variant_type"":""standard"",""display_pack_size"":""500 g"",""storage"":""chilled""}"
QM-HOU-0121-A,prd_qm_cleanora_everyday_laundry_powder,Everyday Laundry Powder - standard pack,standard pack,500,ml,1,8900000001200,active,ambient,false,540,12,3402,"{""source_product_id"":""prd_qm_cleanora_everyday_laundry_powder"",""variant_type"":""standard"",""display_pack_size"":""500 ml"",""storage"":""ambient""}"
QM-HOU-0122-A,prd_qm_homekind_top_load_laundry_powder,Top Load Laundry Powder - standard pack,standard pack,500,ml,1,8900000001210,active,ambient,false,540,12,3402,"{""source_product_id"":""prd_qm_homekind_top_load_laundry_powder"",""variant_type"":""standard"",""display_pack_size"":""500 ml"",""storage"":""ambient""}"
QM-HOU-0123-A,prd_qm_brightnest_front_load_laundry_liquid,Front Load Laundry Liquid - standard pack,standard pack,500,ml,1,8900000001220,active,ambient,false,540,12,3402,"{""source_product_id"":""prd_qm_brightnest_front_load_laundry_liquid"",""variant_type"":""standard"",""display_pack_size"":""500 ml"",""storage"":""ambient""}"
QM-HOU-0124-A,prd_qm_cleanora_fabric_softener_fresh,Fabric Softener Fresh - standard pack,standard pack,500,ml,1,8900000001230,active,ambient,false,540,12,3402,"{""source_product_id"":""prd_qm_cleanora_fabric_softener_fresh"",""variant_type"":""standard"",""display_pack_size"":""500 ml"",""storage"":""ambient""}"
QM-HOU-0125-A,prd_qm_homekind_delicate_garment_wash,Delicate Garment Wash - standard pack,standard pack,500,ml,1,8900000001240,active,ambient,false,540,12,3402,"{""source_product_id"":""prd_qm_homekind_delicate_garment_wash"",""variant_type"":""standard"",""display_pack_size"":""500 ml"",""storage"":""ambient""}"
QM-HOU-0126-A,prd_qm_brightnest_lemon_dish_gel,Lemon Dish Gel - standard pack,standard pack,500,ml,1,8900000001250,active,ambient,false,540,12,3402,"{""source_product_id"":""prd_qm_brightnest_lemon_dish_gel"",""variant_type"":""standard"",""display_pack_size"":""500 ml"",""storage"":""ambient""}"
QM-HOU-0127-A,prd_qm_cleanora_dish_scrub_bar,Dish Scrub Bar - standard pack,standard pack,500,ml,1,8900000001260,active,ambient,false,540,12,3402,"{""source_product_id"":""prd_qm_cleanora_dish_scrub_bar"",""variant_type"":""standard"",""display_pack_size"":""500 ml"",""storage"":""ambient""}"
QM-HOU-0128-A,prd_qm_homekind_toilet_bowl_cleaner,Toilet Bowl Cleaner - standard pack,standard pack,500,ml,1,8900000001270,active,ambient,false,540,12,3402,"{""source_product_id"":""prd_qm_homekind_toilet_bowl_cleaner"",""variant_type"":""standard"",""display_pack_size"":""500 ml"",""storage"":""ambient""}"
QM-HOU-0129-A,prd_qm_brightnest_bathroom_surface_cleaner,Bathroom Surface Cleaner - standard pack,standard pack,500,ml,1,8900000001280,active,ambient,false,540,12,3402,"{""source_product_id"":""prd_qm_brightnest_bathroom_surface_cleaner"",""variant_type"":""standard"",""display_pack_size"":""500 ml"",""storage"":""ambient""}"
QM-HOU-0130-A,prd_qm_cleanora_citrus_floor_disinfectant,Citrus Floor Disinfectant - standard pack,standard pack,500,ml,1,8900000001290,active,ambient,false,540,12,3402,"{""source_product_id"":""prd_qm_cleanora_citrus_floor_disinfectant"",""variant_type"":""standard"",""display_pack_size"":""500 ml"",""storage"":""ambient""}"
QM-HOU-0131-A,prd_qm_homekind_floral_floor_disinfectant,Floral Floor Disinfectant - standard pack,standard pack,500,ml,1,8900000001300,active,ambient,false,540,12,3402,"{""source_product_id"":""prd_qm_homekind_floral_floor_disinfectant"",""variant_type"":""standard"",""display_pack_size"":""500 ml"",""storage"":""ambient""}"
QM-HOU-0132-A,prd_qm_brightnest_glass_and_mirror_spray,Glass and Mirror Spray - standard pack,standard pack,500,ml,1,8900000001310,active,ambient,false,540,12,3402,"{""source_product_id"":""prd_qm_brightnest_glass_and_mirror_spray"",""variant_type"":""standard"",""display_pack_size"":""500 ml"",""storage"":""ambient""}"
QM-HOU-0133-A,prd_qm_cleanora_kitchen_degreaser,Kitchen Degreaser - standard pack,standard pack,500,ml,1,8900000001320,active,ambient,false,540,12,3402,"{""source_product_id"":""prd_qm_cleanora_kitchen_degreaser"",""variant_type"":""standard"",""display_pack_size"":""500 ml"",""storage"":""ambient""}"
QM-HOU-0134-A,prd_qm_homekind_stain_lift_powder,Stain Lift Powder - standard pack,standard pack,500,ml,1,8900000001330,active,ambient,false,540,12,3402,"{""source_product_id"":""prd_qm_homekind_stain_lift_powder"",""variant_type"":""standard"",""display_pack_size"":""500 ml"",""storage"":""ambient""}"
QM-HOU-0135-A,prd_qm_brightnest_chlorine_bleach_liquid,Chlorine Bleach Liquid - standard pack,standard pack,500,ml,1,8900000001340,active,ambient,false,540,12,3402,"{""source_product_id"":""prd_qm_brightnest_chlorine_bleach_liquid"",""variant_type"":""standard"",""display_pack_size"":""500 ml"",""storage"":""ambient""}"
QM-HOU-0136-A,prd_qm_cleanora_drain_unblocker,Drain Unblocker - standard pack,standard pack,500,ml,1,8900000001350,active,ambient,false,540,12,3402,"{""source_product_id"":""prd_qm_cleanora_drain_unblocker"",""variant_type"":""standard"",""display_pack_size"":""500 ml"",""storage"":""ambient""}"
QM-HOU-0137-A,prd_qm_homekind_room_freshener_linen,Room Freshener Linen - standard pack,standard pack,500,ml,1,8900000001360,active,ambient,false,540,12,3402,"{""source_product_id"":""prd_qm_homekind_room_freshener_linen"",""variant_type"":""standard"",""display_pack_size"":""500 ml"",""storage"":""ambient""}"
QM-HOU-0138-A,prd_qm_brightnest_mosquito_repellent_refill,Mosquito Repellent Refill - standard pack,standard pack,500,ml,1,8900000001370,active,ambient,false,540,12,3402,"{""source_product_id"":""prd_qm_brightnest_mosquito_repellent_refill"",""variant_type"":""standard"",""display_pack_size"":""500 ml"",""storage"":""ambient""}"
QM-HOU-0139-A,prd_qm_cleanora_flying_insect_spray,Flying Insect Spray - standard pack,standard pack,500,ml,1,8900000001380,active,ambient,false,540,12,3402,"{""source_product_id"":""prd_qm_cleanora_flying_insect_spray"",""variant_type"":""standard"",""display_pack_size"":""500 ml"",""storage"":""ambient""}"
QM-HOU-0140-A,prd_qm_homekind_cockroach_control_spray,Cockroach Control Spray - standard pack,standard pack,500,ml,1,8900000001390,active,ambient,false,540,12,3402,"{""source_product_id"":""prd_qm_homekind_cockroach_control_spray"",""variant_type"":""standard"",""display_pack_size"":""500 ml"",""storage"":""ambient""}"
QM-HOU-0141-A,prd_qm_brightnest_floor_wiper,Floor Wiper - standard pack,standard pack,500,ml,1,8900000001400,active,ambient,false,540,12,3402,"{""source_product_id"":""prd_qm_brightnest_floor_wiper"",""variant_type"":""standard"",""display_pack_size"":""500 ml"",""storage"":""ambient""}"
QM-HOU-0142-A,prd_qm_cleanora_microfiber_cleaning_cloth,Microfiber Cleaning Cloth - standard pack,standard pack,500,ml,1,8900000001410,active,ambient,false,540,12,3402,"{""source_product_id"":""prd_qm_cleanora_microfiber_cleaning_cloth"",""variant_type"":""standard"",""display_pack_size"":""500 ml"",""storage"":""ambient""}"
QM-HOU-0143-A,prd_qm_homekind_heavy_duty_garbage_bags,Heavy Duty Garbage Bags - standard pack,standard pack,500,ml,1,8900000001420,active,ambient,false,540,12,3402,"{""source_product_id"":""prd_qm_homekind_heavy_duty_garbage_bags"",""variant_type"":""standard"",""display_pack_size"":""500 ml"",""storage"":""ambient""}"
QM-HOU-0144-A,prd_qm_brightnest_steel_scrub_pads,Steel Scrub Pads - standard pack,standard pack,500,ml,1,8900000001430,active,ambient,false,540,12,3402,"{""source_product_id"":""prd_qm_brightnest_steel_scrub_pads"",""variant_type"":""standard"",""display_pack_size"":""500 ml"",""storage"":""ambient""}"
QM-HOU-0145-A,prd_qm_cleanora_foam_cleaning_sponge,Foam Cleaning Sponge - standard pack,standard pack,500,ml,1,8900000001440,active,ambient,false,540,12,3402,"{""source_product_id"":""prd_qm_cleanora_foam_cleaning_sponge"",""variant_type"":""standard"",""display_pack_size"":""500 ml"",""storage"":""ambient""}"
QM-HOU-0146-A,prd_qm_homekind_shoe_cleaning_foam,Shoe Cleaning Foam - standard pack,standard pack,500,ml,1,8900000001450,active,ambient,false,540,12,3402,"{""source_product_id"":""prd_qm_homekind_shoe_cleaning_foam"",""variant_type"":""standard"",""display_pack_size"":""500 ml"",""storage"":""ambient""}"
QM-HOU-0147-A,prd_qm_brightnest_wood_surface_polish,Wood Surface Polish - standard pack,standard pack,500,ml,1,8900000001460,active,ambient,false,540,12,3402,"{""source_product_id"":""prd_qm_brightnest_wood_surface_polish"",""variant_type"":""standard"",""display_pack_size"":""500 ml"",""storage"":""ambient""}"
QM-HOU-0148-A,prd_qm_cleanora_car_dashboard_cleaner,Car Dashboard Cleaner - standard pack,standard pack,500,ml,1,8900000001470,active,ambient,false,540,12,3402,"{""source_product_id"":""prd_qm_cleanora_car_dashboard_cleaner"",""variant_type"":""standard"",""display_pack_size"":""500 ml"",""storage"":""ambient""}"
QM-HOU-0149-A,prd_qm_homekind_fabric_freshener,Fabric Freshener - standard pack,standard pack,500,ml,1,8900000001480,active,ambient,false,540,12,3402,"{""source_product_id"":""prd_qm_homekind_fabric_freshener"",""variant_type"":""standard"",""display_pack_size"":""500 ml"",""storage"":""ambient""}"
QM-HOU-0150-A,prd_qm_brightnest_bathroom_scrub_powder,Bathroom Scrub Powder - standard pack,standard pack,500,ml,1,8900000001490,active,ambient,false,540,12,3402,"{""source_product_id"":""prd_qm_brightnest_bathroom_scrub_powder"",""variant_type"":""standard"",""display_pack_size"":""500 ml"",""storage"":""ambient""}"
QM-PER-0151-A,prd_qm_carebloom_fluoride_toothpaste,Fluoride Toothpaste - standard pack,standard pack,200,ml,1,8900000001500,active,ambient,false,540,12,3306,"{""source_product_id"":""prd_qm_carebloom_fluoride_toothpaste"",""variant_type"":""standard"",""display_pack_size"":""200 ml"",""storage"":""ambient""}"
QM-PER-0152-A,prd_qm_everyday_aura_fresh_mint_gel,Fresh Mint Gel - standard pack,standard pack,200,ml,1,8900000001510,active,ambient,false,540,12,3306,"{""source_product_id"":""prd_qm_everyday_aura_fresh_mint_gel"",""variant_type"":""standard"",""display_pack_size"":""200 ml"",""storage"":""ambient""}"
QM-PER-0153-A,prd_qm_softroot_sensitive_teeth_paste,Sensitive Teeth Paste - standard pack,standard pack,200,ml,1,8900000001520,active,ambient,false,540,12,3306,"{""source_product_id"":""prd_qm_softroot_sensitive_teeth_paste"",""variant_type"":""standard"",""display_pack_size"":""200 ml"",""storage"":""ambient""}"
QM-PER-0154-A,prd_qm_carebloom_herbal_neem_paste,Herbal Neem Paste - standard pack,standard pack,200,ml,1,8900000001530,active,ambient,false,540,12,3306,"{""source_product_id"":""prd_qm_carebloom_herbal_neem_paste"",""variant_type"":""standard"",""display_pack_size"":""200 ml"",""storage"":""ambient""}"
QM-PER-0155-A,prd_qm_everyday_aura_kids_fruit_toothpaste,Kids Fruit Toothpaste - standard pack,standard pack,200,ml,1,8900000001540,active,ambient,false,540,12,3306,"{""source_product_id"":""prd_qm_everyday_aura_kids_fruit_toothpaste"",""variant_type"":""standard"",""display_pack_size"":""200 ml"",""storage"":""ambient""}"
QM-PER-0156-A,prd_qm_softroot_whitening_toothpaste,Whitening Toothpaste - standard pack,standard pack,200,ml,1,8900000001550,active,ambient,false,540,12,3306,"{""source_product_id"":""prd_qm_softroot_whitening_toothpaste"",""variant_type"":""standard"",""display_pack_size"":""200 ml"",""storage"":""ambient""}"
QM-PER-0157-A,prd_qm_carebloom_mild_mouthwash,Mild Mouthwash - standard pack,standard pack,200,ml,1,8900000001560,active,ambient,false,540,12,3306,"{""source_product_id"":""prd_qm_carebloom_mild_mouthwash"",""variant_type"":""standard"",""display_pack_size"":""200 ml"",""storage"":""ambient""}"
QM-PER-0158-A,prd_qm_everyday_aura_cool_mint_mouthwash,Cool Mint Mouthwash - standard pack,standard pack,200,ml,1,8900000001570,active,ambient,false,540,12,3306,"{""source_product_id"":""prd_qm_everyday_aura_cool_mint_mouthwash"",""variant_type"":""standard"",""display_pack_size"":""200 ml"",""storage"":""ambient""}"
QM-PER-0159-A,prd_qm_softroot_soft_bristle_brush,Soft Bristle Brush - standard pack,standard pack,200,ml,1,8900000001580,active,ambient,false,540,12,3306,"{""source_product_id"":""prd_qm_softroot_soft_bristle_brush"",""variant_type"":""standard"",""display_pack_size"":""200 ml"",""storage"":""ambient""}"
QM-PER-0160-A,prd_qm_carebloom_medium_bristle_brush,Medium Bristle Brush - standard pack,standard pack,200,ml,1,8900000001590,active,ambient,false,540,12,3306,"{""source_product_id"":""prd_qm_carebloom_medium_bristle_brush"",""variant_type"":""standard"",""display_pack_size"":""200 ml"",""storage"":""ambient""}"
QM-PER-0161-A,prd_qm_everyday_aura_tongue_cleaner,Tongue Cleaner - standard pack,standard pack,200,ml,1,8900000001600,active,ambient,false,540,12,3306,"{""source_product_id"":""prd_qm_everyday_aura_tongue_cleaner"",""variant_type"":""standard"",""display_pack_size"":""200 ml"",""storage"":""ambient""}"
QM-PER-0162-A,prd_qm_softroot_dental_floss,Dental Floss - standard pack,standard pack,200,ml,1,8900000001610,active,ambient,false,540,12,3306,"{""source_product_id"":""prd_qm_softroot_dental_floss"",""variant_type"":""standard"",""display_pack_size"":""200 ml"",""storage"":""ambient""}"
QM-PER-0163-A,prd_qm_carebloom_moisture_bath_bar,Moisture Bath Bar - standard pack,standard pack,200,ml,1,8900000001620,active,ambient,false,540,12,3306,"{""source_product_id"":""prd_qm_carebloom_moisture_bath_bar"",""variant_type"":""standard"",""display_pack_size"":""200 ml"",""storage"":""ambient""}"
QM-PER-0164-A,prd_qm_everyday_aura_gentle_body_wash,Gentle Body Wash - standard pack,standard pack,200,ml,1,8900000001630,active,ambient,false,540,12,3306,"{""source_product_id"":""prd_qm_everyday_aura_gentle_body_wash"",""variant_type"":""standard"",""display_pack_size"":""200 ml"",""storage"":""ambient""}"
QM-PER-0165-A,prd_qm_softroot_citrus_hand_wash,Citrus Hand Wash - standard pack,standard pack,200,ml,1,8900000001640,active,ambient,false,540,12,3306,"{""source_product_id"":""prd_qm_softroot_citrus_hand_wash"",""variant_type"":""standard"",""display_pack_size"":""200 ml"",""storage"":""ambient""}"
QM-PER-0166-A,prd_qm_carebloom_daily_body_lotion,Daily Body Lotion - standard pack,standard pack,200,ml,1,8900000001650,active,ambient,false,540,12,3306,"{""source_product_id"":""prd_qm_carebloom_daily_body_lotion"",""variant_type"":""standard"",""display_pack_size"":""200 ml"",""storage"":""ambient""}"
QM-PER-0167-A,prd_qm_everyday_aura_shea_body_cream,Shea Body Cream - standard pack,standard pack,200,ml,1,8900000001660,active,ambient,false,540,12,3306,"{""source_product_id"":""prd_qm_everyday_aura_shea_body_cream"",""variant_type"":""standard"",""display_pack_size"":""200 ml"",""storage"":""ambient""}"
QM-PER-0168-A,prd_qm_softroot_lip_balm_mint,Lip Balm Mint - standard pack,standard pack,200,ml,1,8900000001670,active,ambient,false,540,12,3306,"{""source_product_id"":""prd_qm_softroot_lip_balm_mint"",""variant_type"":""standard"",""display_pack_size"":""200 ml"",""storage"":""ambient""}"
QM-PER-0169-A,prd_qm_carebloom_face_wash_foaming,Face Wash Foaming - standard pack,standard pack,200,ml,1,8900000001680,active,ambient,false,540,12,3306,"{""source_product_id"":""prd_qm_carebloom_face_wash_foaming"",""variant_type"":""standard"",""display_pack_size"":""200 ml"",""storage"":""ambient""}"
QM-PER-0170-A,prd_qm_everyday_aura_neem_face_wash,Neem Face Wash - standard pack,standard pack,200,ml,1,8900000001690,active,ambient,false,540,12,3306,"{""source_product_id"":""prd_qm_everyday_aura_neem_face_wash"",""variant_type"":""standard"",""display_pack_size"":""200 ml"",""storage"":""ambient""}"
QM-PER-0171-A,prd_qm_softroot_sun_protection_lotion,Sun Protection Lotion - standard pack,standard pack,200,ml,1,8900000001700,active,ambient,false,540,12,3306,"{""source_product_id"":""prd_qm_softroot_sun_protection_lotion"",""variant_type"":""standard"",""display_pack_size"":""200 ml"",""storage"":""ambient""}"
QM-PER-0172-A,prd_qm_carebloom_anti_dandruff_shampoo,Anti Dandruff Shampoo - standard pack,standard pack,200,ml,1,8900000001710,active,ambient,false,540,12,3306,"{""source_product_id"":""prd_qm_carebloom_anti_dandruff_shampoo"",""variant_type"":""standard"",""display_pack_size"":""200 ml"",""storage"":""ambient""}"
QM-PER-0173-A,prd_qm_everyday_aura_daily_clean_shampoo,Daily Clean Shampoo - standard pack,standard pack,200,ml,1,8900000001720,active,ambient,false,540,12,3306,"{""source_product_id"":""prd_qm_everyday_aura_daily_clean_shampoo"",""variant_type"":""standard"",""display_pack_size"":""200 ml"",""storage"":""ambient""}"
QM-PER-0174-A,prd_qm_softroot_smooth_hair_shampoo,Smooth Hair Shampoo - standard pack,standard pack,200,ml,1,8900000001730,active,ambient,false,540,12,3306,"{""source_product_id"":""prd_qm_softroot_smooth_hair_shampoo"",""variant_type"":""standard"",""display_pack_size"":""200 ml"",""storage"":""ambient""}"
QM-PER-0175-A,prd_qm_carebloom_repair_conditioner,Repair Conditioner - standard pack,standard pack,200,ml,1,8900000001740,active,ambient,false,540,12,3306,"{""source_product_id"":""prd_qm_carebloom_repair_conditioner"",""variant_type"":""standard"",""display_pack_size"":""200 ml"",""storage"":""ambient""}"
QM-PER-0176-A,prd_qm_everyday_aura_coconut_hair_oil,Coconut Hair Oil - standard pack,standard pack,200,ml,1,8900000001750,active,ambient,false,540,12,3306,"{""source_product_id"":""prd_qm_everyday_aura_coconut_hair_oil"",""variant_type"":""standard"",""display_pack_size"":""200 ml"",""storage"":""ambient""}"
QM-PER-0177-A,prd_qm_softroot_almond_hair_oil,Almond Hair Oil - standard pack,standard pack,200,ml,1,8900000001760,active,ambient,false,540,12,3306,"{""source_product_id"":""prd_qm_softroot_almond_hair_oil"",""variant_type"":""standard"",""display_pack_size"":""200 ml"",""storage"":""ambient""}"
QM-PER-0178-A,prd_qm_carebloom_styling_hair_gel,Styling Hair Gel - standard pack,standard pack,200,ml,1,8900000001770,active,ambient,false,540,12,3306,"{""source_product_id"":""prd_qm_carebloom_styling_hair_gel"",""variant_type"":""standard"",""display_pack_size"":""200 ml"",""storage"":""ambient""}"
QM-PER-0179-A,prd_qm_everyday_aura_roll_on_deodorant,Roll On Deodorant - standard pack,standard pack,200,ml,1,8900000001780,active,ambient,false,540,12,3306,"{""source_product_id"":""prd_qm_everyday_aura_roll_on_deodorant"",""variant_type"":""standard"",""display_pack_size"":""200 ml"",""storage"":""ambient""}"
QM-PER-0180-A,prd_qm_softroot_fresh_spray_deodorant,Fresh Spray Deodorant - standard pack,standard pack,200,ml,1,8900000001790,active,ambient,false,540,12,3306,"{""source_product_id"":""prd_qm_softroot_fresh_spray_deodorant"",""variant_type"":""standard"",""display_pack_size"":""200 ml"",""storage"":""ambient""}"
QM-PAN-0181-A,prd_qm_harvesthill_whole_wheat_flour,Whole Wheat Flour - standard pack,standard pack,1000,g,1,8900000001800,active,ambient,false,540,12,1006,"{""source_product_id"":""prd_qm_harvesthill_whole_wheat_flour"",""variant_type"":""standard"",""display_pack_size"":""1000 g"",""storage"":""ambient""}"
QM-PAN-0182-A,prd_qm_kitchenleaf_multigrain_flour,Multigrain Flour - standard pack,standard pack,1000,g,1,8900000001810,active,ambient,false,540,12,1006,"{""source_product_id"":""prd_qm_kitchenleaf_multigrain_flour"",""variant_type"":""standard"",""display_pack_size"":""1000 g"",""storage"":""ambient""}"
QM-PAN-0183-A,prd_qm_graincraft_long_grain_rice,Long Grain Rice - standard pack,standard pack,1000,g,1,8900000001820,active,ambient,false,540,12,1006,"{""source_product_id"":""prd_qm_graincraft_long_grain_rice"",""variant_type"":""standard"",""display_pack_size"":""1000 g"",""storage"":""ambient""}"
QM-PAN-0184-A,prd_qm_harvesthill_aromatic_basmati_rice,Aromatic Basmati Rice - standard pack,standard pack,1000,g,1,8900000001830,active,ambient,false,540,12,1006,"{""source_product_id"":""prd_qm_harvesthill_aromatic_basmati_rice"",""variant_type"":""standard"",""display_pack_size"":""1000 g"",""storage"":""ambient""}"
QM-PAN-0185-A,prd_qm_kitchenleaf_sona_masoori_rice,Sona Masoori Rice - standard pack,standard pack,1000,g,1,8900000001840,active,ambient,false,540,12,1006,"{""source_product_id"":""prd_qm_kitchenleaf_sona_masoori_rice"",""variant_type"":""standard"",""display_pack_size"":""1000 g"",""storage"":""ambient""}"
QM-PAN-0186-A,prd_qm_graincraft_brown_rice,Brown Rice - standard pack,standard pack,1000,g,1,8900000001850,active,ambient,false,540,12,1006,"{""source_product_id"":""prd_qm_graincraft_brown_rice"",""variant_type"":""standard"",""display_pack_size"":""1000 g"",""storage"":""ambient""}"
QM-PAN-0187-A,prd_qm_harvesthill_toor_dal,Toor Dal - standard pack,standard pack,1000,g,1,8900000001860,active,ambient,false,540,12,1006,"{""source_product_id"":""prd_qm_harvesthill_toor_dal"",""variant_type"":""standard"",""display_pack_size"":""1000 g"",""storage"":""ambient""}"
QM-PAN-0188-A,prd_qm_kitchenleaf_split_moong_dal,Split Moong Dal - standard pack,standard pack,1000,g,1,8900000001870,active,ambient,false,540,12,1006,"{""source_product_id"":""prd_qm_kitchenleaf_split_moong_dal"",""variant_type"":""standard"",""display_pack_size"":""1000 g"",""storage"":""ambient""}"
QM-PAN-0189-A,prd_qm_graincraft_red_lentils,Red Lentils - standard pack,standard pack,1000,g,1,8900000001880,active,ambient,false,540,12,1006,"{""source_product_id"":""prd_qm_graincraft_red_lentils"",""variant_type"":""standard"",""display_pack_size"":""1000 g"",""storage"":""ambient""}"
QM-PAN-0190-A,prd_qm_harvesthill_chana_dal,Chana Dal - standard pack,standard pack,1000,g,1,8900000001890,active,ambient,false,540,12,1006,"{""source_product_id"":""prd_qm_harvesthill_chana_dal"",""variant_type"":""standard"",""display_pack_size"":""1000 g"",""storage"":""ambient""}"
QM-PAN-0191-A,prd_qm_kitchenleaf_kidney_beans,Kidney Beans - standard pack,standard pack,1000,g,1,8900000001900,active,ambient,false,540,12,1006,"{""source_product_id"":""prd_qm_kitchenleaf_kidney_beans"",""variant_type"":""standard"",""display_pack_size"":""1000 g"",""storage"":""ambient""}"
QM-PAN-0192-A,prd_qm_graincraft_kabuli_chickpeas,Kabuli Chickpeas - standard pack,standard pack,1000,g,1,8900000001910,active,ambient,false,540,12,1006,"{""source_product_id"":""prd_qm_graincraft_kabuli_chickpeas"",""variant_type"":""standard"",""display_pack_size"":""1000 g"",""storage"":""ambient""}"
QM-PAN-0193-A,prd_qm_harvesthill_thick_poha,Thick Poha - standard pack,standard pack,1000,g,1,8900000001920,active,ambient,false,540,12,1006,"{""source_product_id"":""prd_qm_harvesthill_thick_poha"",""variant_type"":""standard"",""display_pack_size"":""1000 g"",""storage"":""ambient""}"
QM-PAN-0194-A,prd_qm_kitchenleaf_semolina_rava,Semolina Rava - standard pack,standard pack,1000,g,1,8900000001930,active,ambient,false,540,12,1006,"{""source_product_id"":""prd_qm_kitchenleaf_semolina_rava"",""variant_type"":""standard"",""display_pack_size"":""1000 g"",""storage"":""ambient""}"
QM-PAN-0195-A,prd_qm_graincraft_gram_flour,Gram Flour - standard pack,standard pack,1000,g,1,8900000001940,active,ambient,false,540,12,1006,"{""source_product_id"":""prd_qm_graincraft_gram_flour"",""variant_type"":""standard"",""display_pack_size"":""1000 g"",""storage"":""ambient""}"
QM-PAN-0196-A,prd_qm_harvesthill_finger_millet_flour,Finger Millet Flour - standard pack,standard pack,1000,g,1,8900000001950,active,ambient,false,540,12,1006,"{""source_product_id"":""prd_qm_harvesthill_finger_millet_flour"",""variant_type"":""standard"",""display_pack_size"":""1000 g"",""storage"":""ambient""}"
QM-PAN-0197-A,prd_qm_kitchenleaf_pearl_millet_flour,Pearl Millet Flour - standard pack,standard pack,1000,g,1,8900000001960,active,ambient,false,540,12,1006,"{""source_product_id"":""prd_qm_kitchenleaf_pearl_millet_flour"",""variant_type"":""standard"",""display_pack_size"":""1000 g"",""storage"":""ambient""}"
QM-PAN-0198-A,prd_qm_graincraft_sorghum_flour,Sorghum Flour - standard pack,standard pack,1000,g,1,8900000001970,active,ambient,false,540,12,1006,"{""source_product_id"":""prd_qm_graincraft_sorghum_flour"",""variant_type"":""standard"",""display_pack_size"":""1000 g"",""storage"":""ambient""}"
QM-PAN-0199-A,prd_qm_harvesthill_broken_wheat,Broken Wheat - standard pack,standard pack,1000,g,1,8900000001980,active,ambient,false,540,12,1006,"{""source_product_id"":""prd_qm_harvesthill_broken_wheat"",""variant_type"":""standard"",""display_pack_size"":""1000 g"",""storage"":""ambient""}"
QM-PAN-0200-A,prd_qm_kitchenleaf_quinoa_grain,Quinoa Grain - standard pack,standard pack,1000,g,1,8900000001990,active,ambient,false,540,12,1006,"{""source_product_id"":""prd_qm_kitchenleaf_quinoa_grain"",""variant_type"":""standard"",""display_pack_size"":""1000 g"",""storage"":""ambient""}"
QM-PAN-0201-A,prd_qm_graincraft_sunflower_cooking_oil,Sunflower Cooking Oil - standard pack,standard pack,1000,g,1,8900000002000,active,ambient,false,540,12,1006,"{""source_product_id"":""prd_qm_graincraft_sunflower_cooking_oil"",""variant_type"":""standard"",""display_pack_size"":""1000 g"",""storage"":""ambient""}"
QM-PAN-0202-A,prd_qm_harvesthill_mustard_cooking_oil,Mustard Cooking Oil - standard pack,standard pack,1000,g,1,8900000002010,active,ambient,false,540,12,1006,"{""source_product_id"":""prd_qm_harvesthill_mustard_cooking_oil"",""variant_type"":""standard"",""display_pack_size"":""1000 g"",""storage"":""ambient""}"
QM-PAN-0203-A,prd_qm_kitchenleaf_groundnut_cooking_oil,Groundnut Cooking Oil - standard pack,standard pack,1000,g,1,8900000002020,active,ambient,false,540,12,1006,"{""source_product_id"":""prd_qm_kitchenleaf_groundnut_cooking_oil"",""variant_type"":""standard"",""display_pack_size"":""1000 g"",""storage"":""ambient""}"
QM-PAN-0204-A,prd_qm_graincraft_rice_bran_oil,Rice Bran Oil - standard pack,standard pack,1000,g,1,8900000002030,active,ambient,false,540,12,1006,"{""source_product_id"":""prd_qm_graincraft_rice_bran_oil"",""variant_type"":""standard"",""display_pack_size"":""1000 g"",""storage"":""ambient""}"
QM-PAN-0205-A,prd_qm_harvesthill_iodised_table_salt,Iodised Table Salt - standard pack,standard pack,1000,g,1,8900000002040,active,ambient,false,540,12,1006,"{""source_product_id"":""prd_qm_harvesthill_iodised_table_salt"",""variant_type"":""standard"",""display_pack_size"":""1000 g"",""storage"":""ambient""}"
QM-PAN-0206-A,prd_qm_kitchenleaf_cane_sugar,Cane Sugar - standard pack,standard pack,1000,g,1,8900000002050,active,ambient,false,540,12,1006,"{""source_product_id"":""prd_qm_kitchenleaf_cane_sugar"",""variant_type"":""standard"",""display_pack_size"":""1000 g"",""storage"":""ambient""}"
QM-PAN-0207-A,prd_qm_graincraft_jaggery_powder,Jaggery Powder - standard pack,standard pack,1000,g,1,8900000002060,active,ambient,false,540,12,1006,"{""source_product_id"":""prd_qm_graincraft_jaggery_powder"",""variant_type"":""standard"",""display_pack_size"":""1000 g"",""storage"":""ambient""}"
QM-PAN-0208-A,prd_qm_harvesthill_forest_honey,Forest Honey - standard pack,standard pack,1000,g,1,8900000002070,active,ambient,false,540,12,1006,"{""source_product_id"":""prd_qm_harvesthill_forest_honey"",""variant_type"":""standard"",""display_pack_size"":""1000 g"",""storage"":""ambient""}"
QM-PAN-0209-A,prd_qm_kitchenleaf_creamy_peanut_spread,Creamy Peanut Spread - standard pack,standard pack,1000,g,1,8900000002080,active,ambient,false,540,12,1006,"{""source_product_id"":""prd_qm_kitchenleaf_creamy_peanut_spread"",""variant_type"":""standard"",""display_pack_size"":""1000 g"",""storage"":""ambient""}"
QM-PAN-0210-A,prd_qm_graincraft_tomato_cooking_sauce,Tomato Cooking Sauce - standard pack,standard pack,1000,g,1,8900000002090,active,ambient,false,540,12,1006,"{""source_product_id"":""prd_qm_graincraft_tomato_cooking_sauce"",""variant_type"":""standard"",""display_pack_size"":""1000 g"",""storage"":""ambient""}"
QM-PET-0211-A,prd_qm_pawplate_puppy_chicken_meal,Puppy Chicken Meal - standard pack,standard pack,1000,g,1,8900000002100,active,ambient,false,365,12,2309,"{""source_product_id"":""prd_qm_pawplate_puppy_chicken_meal"",""variant_type"":""standard"",""display_pack_size"":""1000 g"",""storage"":""ambient""}"
QM-PET-0212-A,prd_qm_whiskerbowl_adult_chicken_dog_meal,Adult Chicken Dog Meal - standard pack,standard pack,1000,g,1,8900000002110,active,ambient,false,365,12,2309,"{""source_product_id"":""prd_qm_whiskerbowl_adult_chicken_dog_meal"",""variant_type"":""standard"",""display_pack_size"":""1000 g"",""storage"":""ambient""}"
QM-PET-0213-A,prd_qm_tailtrail_lamb_rice_dog_meal,Lamb Rice Dog Meal - standard pack,standard pack,1000,g,1,8900000002120,active,ambient,false,365,12,2309,"{""source_product_id"":""prd_qm_tailtrail_lamb_rice_dog_meal"",""variant_type"":""standard"",""display_pack_size"":""1000 g"",""storage"":""ambient""}"
QM-PET-0214-A,prd_qm_pawplate_small_dog_dental_chews,Small Dog Dental Chews - standard pack,standard pack,1000,g,1,8900000002130,active,ambient,false,365,12,2309,"{""source_product_id"":""prd_qm_pawplate_small_dog_dental_chews"",""variant_type"":""standard"",""display_pack_size"":""1000 g"",""storage"":""ambient""}"
QM-PET-0215-A,prd_qm_whiskerbowl_large_dog_dental_chews,Large Dog Dental Chews - standard pack,standard pack,1000,g,1,8900000002140,active,ambient,false,365,12,2309,"{""source_product_id"":""prd_qm_whiskerbowl_large_dog_dental_chews"",""variant_type"":""standard"",""display_pack_size"":""1000 g"",""storage"":""ambient""}"
QM-PET-0216-A,prd_qm_tailtrail_chicken_training_treats,Chicken Training Treats - standard pack,standard pack,1000,g,1,8900000002150,active,ambient,false,365,12,2309,"{""source_product_id"":""prd_qm_tailtrail_chicken_training_treats"",""variant_type"":""standard"",""display_pack_size"":""1000 g"",""storage"":""ambient""}"
QM-PET-0217-A,prd_qm_pawplate_ocean_fish_cat_meal,Ocean Fish Cat Meal - standard pack,standard pack,1000,g,1,8900000002160,active,ambient,false,365,12,2309,"{""source_product_id"":""prd_qm_pawplate_ocean_fish_cat_meal"",""variant_type"":""standard"",""display_pack_size"":""1000 g"",""storage"":""ambient""}"
QM-PET-0218-A,prd_qm_whiskerbowl_tuna_cat_meal,Tuna Cat Meal - standard pack,standard pack,1000,g,1,8900000002170,active,ambient,false,365,12,2309,"{""source_product_id"":""prd_qm_whiskerbowl_tuna_cat_meal"",""variant_type"":""standard"",""display_pack_size"":""1000 g"",""storage"":""ambient""}"
QM-PET-0219-A,prd_qm_tailtrail_salmon_cat_pouch,Salmon Cat Pouch - standard pack,standard pack,1000,g,1,8900000002180,active,ambient,false,365,12,2309,"{""source_product_id"":""prd_qm_tailtrail_salmon_cat_pouch"",""variant_type"":""standard"",""display_pack_size"":""1000 g"",""storage"":""ambient""}"
QM-PET-0220-A,prd_qm_pawplate_indoor_cat_dry_food,Indoor Cat Dry Food - standard pack,standard pack,1000,g,1,8900000002190,active,ambient,false,365,12,2309,"{""source_product_id"":""prd_qm_pawplate_indoor_cat_dry_food"",""variant_type"":""standard"",""display_pack_size"":""1000 g"",""storage"":""ambient""}"
QM-PET-0221-A,prd_qm_whiskerbowl_sensitive_dog_food,Sensitive Dog Food - standard pack,standard pack,1000,g,1,8900000002200,active,ambient,false,365,12,2309,"{""source_product_id"":""prd_qm_whiskerbowl_sensitive_dog_food"",""variant_type"":""standard"",""display_pack_size"":""1000 g"",""storage"":""ambient""}"
QM-PET-0222-A,prd_qm_tailtrail_puppy_starter_food,Puppy Starter Food - standard pack,standard pack,1000,g,1,8900000002210,active,ambient,false,365,12,2309,"{""source_product_id"":""prd_qm_tailtrail_puppy_starter_food"",""variant_type"":""standard"",""display_pack_size"":""1000 g"",""storage"":""ambient""}"
QM-PET-0223-A,prd_qm_pawplate_senior_dog_food,Senior Dog Food - standard pack,standard pack,1000,g,1,8900000002220,active,ambient,false,365,12,2309,"{""source_product_id"":""prd_qm_pawplate_senior_dog_food"",""variant_type"":""standard"",""display_pack_size"":""1000 g"",""storage"":""ambient""}"
QM-PET-0224-A,prd_qm_whiskerbowl_kitten_growth_food,Kitten Growth Food - standard pack,standard pack,1000,g,1,8900000002230,active,ambient,false,365,12,2309,"{""source_product_id"":""prd_qm_whiskerbowl_kitten_growth_food"",""variant_type"":""standard"",""display_pack_size"":""1000 g"",""storage"":""ambient""}"
QM-PET-0225-A,prd_qm_tailtrail_small_breed_adult_food,Small Breed Adult Food - standard pack,standard pack,1000,g,1,8900000002240,active,ambient,false,365,12,2309,"{""source_product_id"":""prd_qm_tailtrail_small_breed_adult_food"",""variant_type"":""standard"",""display_pack_size"":""1000 g"",""storage"":""ambient""}"
QM-PET-0226-A,prd_qm_pawplate_cat_treat_crunchies,Cat Treat Crunchies - standard pack,standard pack,1000,g,1,8900000002250,active,ambient,false,365,12,2309,"{""source_product_id"":""prd_qm_pawplate_cat_treat_crunchies"",""variant_type"":""standard"",""display_pack_size"":""1000 g"",""storage"":""ambient""}"
QM-PET-0227-A,prd_qm_whiskerbowl_chicken_jerky_strips,Chicken Jerky Strips - standard pack,standard pack,1000,g,1,8900000002260,active,ambient,false,365,12,2309,"{""source_product_id"":""prd_qm_whiskerbowl_chicken_jerky_strips"",""variant_type"":""standard"",""display_pack_size"":""1000 g"",""storage"":""ambient""}"
QM-PET-0228-A,prd_qm_tailtrail_chewable_dental_bone,Chewable Dental Bone - standard pack,standard pack,1000,g,1,8900000002270,active,ambient,false,365,12,2309,"{""source_product_id"":""prd_qm_tailtrail_chewable_dental_bone"",""variant_type"":""standard"",""display_pack_size"":""1000 g"",""storage"":""ambient""}"
QM-PET-0229-A,prd_qm_pawplate_clumping_cat_litter,Clumping Cat Litter - standard pack,standard pack,1000,g,1,8900000002280,active,ambient,false,365,12,2309,"{""source_product_id"":""prd_qm_pawplate_clumping_cat_litter"",""variant_type"":""standard"",""display_pack_size"":""1000 g"",""storage"":""ambient""}"
QM-PET-0230-A,prd_qm_whiskerbowl_herbal_pet_shampoo,Herbal Pet Shampoo - standard pack,standard pack,1000,g,1,8900000002290,active,ambient,false,365,12,2309,"{""source_product_id"":""prd_qm_whiskerbowl_herbal_pet_shampoo"",""variant_type"":""standard"",""display_pack_size"":""1000 g"",""storage"":""ambient""}"
QM-PET-0231-A,prd_qm_littlesprout_newborn_diaper_pants,Newborn Diaper Pants - standard pack,standard pack,1,pack,1,8900000002300,active,ambient,false,365,12,3306,"{""source_product_id"":""prd_qm_littlesprout_newborn_diaper_pants"",""variant_type"":""standard"",""display_pack_size"":""1 pack"",""storage"":""ambient""}"
QM-PET-0232-A,prd_qm_tinynest_small_diaper_pants,Small Diaper Pants - standard pack,standard pack,1,pack,1,8900000002310,active,ambient,false,365,12,3306,"{""source_product_id"":""prd_qm_tinynest_small_diaper_pants"",""variant_type"":""standard"",""display_pack_size"":""1 pack"",""storage"":""ambient""}"
QM-PET-0233-A,prd_qm_gentlesteps_medium_diaper_pants,Medium Diaper Pants - standard pack,standard pack,1,pack,1,8900000002320,active,ambient,false,365,12,3306,"{""source_product_id"":""prd_qm_gentlesteps_medium_diaper_pants"",""variant_type"":""standard"",""display_pack_size"":""1 pack"",""storage"":""ambient""}"
QM-PET-0234-A,prd_qm_littlesprout_large_diaper_pants,Large Diaper Pants - standard pack,standard pack,1,pack,1,8900000002330,active,ambient,false,365,12,3306,"{""source_product_id"":""prd_qm_littlesprout_large_diaper_pants"",""variant_type"":""standard"",""display_pack_size"":""1 pack"",""storage"":""ambient""}"
QM-PET-0235-A,prd_qm_tinynest_extra_large_diaper_pants,Extra Large Diaper Pants - standard pack,standard pack,1,pack,1,8900000002340,active,ambient,false,365,12,3306,"{""source_product_id"":""prd_qm_tinynest_extra_large_diaper_pants"",""variant_type"":""standard"",""display_pack_size"":""1 pack"",""storage"":""ambient""}"
QM-PET-0236-A,prd_qm_gentlesteps_overnight_diaper_pants,Overnight Diaper Pants - standard pack,standard pack,1,pack,1,8900000002350,active,ambient,false,365,12,3306,"{""source_product_id"":""prd_qm_gentlesteps_overnight_diaper_pants"",""variant_type"":""standard"",""display_pack_size"":""1 pack"",""storage"":""ambient""}"
QM-PET-0237-A,prd_qm_littlesprout_sensitive_baby_wipes,Sensitive Baby Wipes - standard pack,standard pack,1,pack,1,8900000002360,active,ambient,false,365,12,3306,"{""source_product_id"":""prd_qm_littlesprout_sensitive_baby_wipes"",""variant_type"":""standard"",""display_pack_size"":""1 pack"",""storage"":""ambient""}"
QM-PET-0238-A,prd_qm_tinynest_aloe_baby_wipes,Aloe Baby Wipes - standard pack,standard pack,1,pack,1,8900000002370,active,ambient,false,365,12,3306,"{""source_product_id"":""prd_qm_tinynest_aloe_baby_wipes"",""variant_type"":""standard"",""display_pack_size"":""1 pack"",""storage"":""ambient""}"
QM-PET-0239-A,prd_qm_gentlesteps_gentle_baby_shampoo,Gentle Baby Shampoo - standard pack,standard pack,1,pack,1,8900000002380,active,ambient,false,365,12,3306,"{""source_product_id"":""prd_qm_gentlesteps_gentle_baby_shampoo"",""variant_type"":""standard"",""display_pack_size"":""1 pack"",""storage"":""ambient""}"
QM-PET-0240-A,prd_qm_littlesprout_mild_baby_soap,Mild Baby Soap - standard pack,standard pack,1,pack,1,8900000002390,active,ambient,false,365,12,3306,"{""source_product_id"":""prd_qm_littlesprout_mild_baby_soap"",""variant_type"":""standard"",""display_pack_size"":""1 pack"",""storage"":""ambient""}"
QM-BAB-0241-A,prd_qm_tinynest_daily_baby_lotion,Daily Baby Lotion - standard pack,standard pack,1,pack,1,8900000002400,active,ambient,false,365,12,3306,"{""source_product_id"":""prd_qm_tinynest_daily_baby_lotion"",""variant_type"":""standard"",""display_pack_size"":""1 pack"",""storage"":""ambient""}"
QM-BAB-0242-A,prd_qm_gentlesteps_protective_diaper_cream,Protective Diaper Cream - standard pack,standard pack,1,pack,1,8900000002410,active,ambient,false,365,12,3306,"{""source_product_id"":""prd_qm_gentlesteps_protective_diaper_cream"",""variant_type"":""standard"",""display_pack_size"":""1 pack"",""storage"":""ambient""}"
QM-BAB-0243-A,prd_qm_littlesprout_baby_massage_oil,Baby Massage Oil - standard pack,standard pack,1,pack,1,8900000002420,active,ambient,false,365,12,3306,"{""source_product_id"":""prd_qm_littlesprout_baby_massage_oil"",""variant_type"":""standard"",""display_pack_size"":""1 pack"",""storage"":""ambient""}"
QM-BAB-0244-A,prd_qm_tinynest_calming_baby_wash,Calming Baby Wash - standard pack,standard pack,1,pack,1,8900000002430,active,ambient,false,365,12,3306,"{""source_product_id"":""prd_qm_tinynest_calming_baby_wash"",""variant_type"":""standard"",""display_pack_size"":""1 pack"",""storage"":""ambient""}"
QM-BAB-0245-A,prd_qm_gentlesteps_tear_free_hair_wash,Tear Free Hair Wash - standard pack,standard pack,1,pack,1,8900000002440,active,ambient,false,365,12,3306,"{""source_product_id"":""prd_qm_gentlesteps_tear_free_hair_wash"",""variant_type"":""standard"",""display_pack_size"":""1 pack"",""storage"":""ambient""}"
QM-BAB-0246-A,prd_qm_littlesprout_rice_cereal_stage_one,Rice Cereal Stage One - standard pack,standard pack,1,pack,1,8900000002450,active,ambient,false,365,12,3306,"{""source_product_id"":""prd_qm_littlesprout_rice_cereal_stage_one"",""variant_type"":""standard"",""display_pack_size"":""1 pack"",""storage"":""ambient""}"
QM-BAB-0247-A,prd_qm_tinynest_wheat_apple_cereal,Wheat Apple Cereal - standard pack,standard pack,1,pack,1,8900000002460,active,ambient,false,365,12,3306,"{""source_product_id"":""prd_qm_tinynest_wheat_apple_cereal"",""variant_type"":""standard"",""display_pack_size"":""1 pack"",""storage"":""ambient""}"
QM-BAB-0248-A,prd_qm_gentlesteps_rice_vegetable_cereal,Rice Vegetable Cereal - standard pack,standard pack,1,pack,1,8900000002470,active,ambient,false,365,12,3306,"{""source_product_id"":""prd_qm_gentlesteps_rice_vegetable_cereal"",""variant_type"":""standard"",""display_pack_size"":""1 pack"",""storage"":""ambient""}"
QM-BAB-0249-A,prd_qm_littlesprout_silicone_feeding_spoon,Silicone Feeding Spoon - standard pack,standard pack,1,pack,1,8900000002480,active,ambient,false,365,12,3306,"{""source_product_id"":""prd_qm_littlesprout_silicone_feeding_spoon"",""variant_type"":""standard"",""display_pack_size"":""1 pack"",""storage"":""ambient""}"
QM-BAB-0250-A,prd_qm_tinynest_infant_feeding_bottle,Infant Feeding Bottle - standard pack,standard pack,1,pack,1,8900000002490,active,ambient,false,365,12,3306,"{""source_product_id"":""prd_qm_tinynest_infant_feeding_bottle"",""variant_type"":""standard"",""display_pack_size"":""1 pack"",""storage"":""ambient""}"
